timestamp,q10,median,q90,mean,std,scenario
2024-01-01,1352.1311792462075,1352.1311792462075,1352.1311792462075,1352.1311792462075,0.0,Baseline_Actual
2024-02-01,1350.343714846242,1385.9907214003736,1435.1635337110104,1388.7300904135545,40.023439301400714,Baseline_Actual
2024-03-01,1338.3843758185803,1383.5026870844558,1429.7530447469026,1385.0947737404035,42.36580642915896,Baseline_Actual
2024-04-01,1336.1708820040815,1375.1289715970279,1427.2645608587513,1378.5909527800045,40.426647474941376,Baseline_Actual
2024-05-01,1339.5998931066383,1398.7393766552577,1444.781058499779,1396.529443208309,42.64450560097211,Baseline_Actual
2024-06-01,1375.8890458780058,1421.2343276360652,1468.781045643706,1421.8773859065093,45.80073693704533,Baseline_Actual
2024-07-01,1372.4047359799652,1423.5640828992491,1470.206151531807,1420.750902942812,41.38126770076392,Baseline_Actual
2024-08-01,1389.2102332530171,1430.5518885195706,1485.18445980734,1434.085410658724,40.681071740949996,Baseline_Actual
2024-09-01,1390.351491177732,1436.8000584660294,1484.8550620881852,1436.8749830646036,38.592391704696915,Baseline_Actual
2024-10-01,1342.4946647332217,1387.6454505389934,1435.431567406775,1389.541627359749,41.02859465506453,Baseline_Actual
2024-11-01,1336.9425976664768,1388.0900685426864,1469.1578309097251,1395.3835911350388,50.99013764930834,Baseline_Actual
2024-12-01,1325.7947299361774,1366.3206335638754,1419.9580814159356,1369.10175960791,40.94640547849616,Baseline_Actual
2025-01-01,1297.3472436652419,1353.8897873162798,1389.148063432533,1350.1460674678415,38.681752829841564,Baseline_Actual
2025-02-01,1320.8438975431768,1357.5209107643145,1407.5805851904615,1358.5433469358804,38.035723094219044,Baseline_Actual
2025-03-01,1351.2968145644727,1385.353937131468,1426.3217881344985,1387.9297986750023,36.42480037175139,Baseline_Actual
2025-04-01,1349.3041731095686,1388.419699982971,1432.6802932647013,1388.5883838113223,36.62603543680432,Baseline_Actual
2025-05-01,1372.170530478567,1416.7085813083302,1476.5671509414296,1418.0573036513126,37.654999161544666,Baseline_Actual
2025-06-01,1383.5847650544415,1420.482759017203,1470.5463385142968,1423.2559615152181,34.71437785814056,Baseline_Actual
2025-07-01,1377.986134813348,1417.2171998696458,1456.6209175930185,1416.0178701916739,39.32277592072302,Baseline_Actual
2025-08-01,1384.1643407863994,1425.0676057533237,1485.3517096131304,1427.7905377990155,42.07702198676384,Baseline_Actual
2025-09-01,1378.1272816840415,1424.064561193454,1459.9392121278556,1422.2268946234744,36.80467802085552,Baseline_Actual
2025-10-01,1368.8646960544968,1411.7094697482203,1457.2104986584861,1410.6133016612357,33.820723725415284,Baseline_Actual
2025-11-01,1330.7598263720436,1364.6111257415814,1414.152898598165,1369.1183614499016,33.98250028277566,Baseline_Actual
2025-12-01,1309.476619752487,1344.8931133169108,1386.9877973715566,1347.5292562894447,32.88824018591137,Baseline_Actual
2024-01-01,1352.1311792462075,1352.1311792462075,1352.1311792462075,1352.1311792462075,0.0,baseline
2024-02-01,1340.4700011322377,1386.4176433756797,1425.9364323099528,1385.919586187841,36.927513192466506,baseline
2024-03-01,1338.0091052723972,1380.263627304414,1427.9346341645282,1381.2195241519792,36.952677289586354,baseline
2024-04-01,1330.0193399908903,1378.0625644443235,1423.8553690258298,1378.2931210745157,37.084948394333466,baseline
2024-05-01,1346.264423372768,1390.9229050104427,1445.8930124034227,1393.4988878820484,41.22598993728366,baseline
2024-06-01,1373.060483638313,1417.8763592921696,1477.2954988722847,1418.2868269237383,39.456514591081636,baseline
2024-07-01,1369.4717596485668,1411.2277973050702,1472.000159182875,1415.7494783899942,44.2897073594448,baseline
2024-08-01,1389.0037996530923,1434.8023517992797,1490.129225326511,1437.3571011297695,39.951650163801965,baseline
2024-09-01,1388.6921953069395,1439.3797189889879,1488.72726347341,1440.1930856377408,41.54033896349037,baseline
2024-10-01,1346.7071259918314,1386.164690806207,1433.4273454696213,1385.8501850261998,36.7624287421559,baseline
2024-11-01,1351.928630966148,1380.7855966562136,1438.502561238128,1387.3881527316178,35.83907565256819,baseline
2024-12-01,1332.371608665262,1368.0264357070919,1415.8847063318624,1372.7593958965192,35.096177301355574,baseline
2025-01-01,1298.6153533803713,1349.6742011544375,1392.1001334164575,1347.4274383363072,37.204997721797646,baseline
2025-02-01,1317.5468269560724,1362.308036789577,1408.5786524778239,1363.033694905307,37.90421046795973,baseline
2025-03-01,1336.9655709957024,1380.963977136888,1431.5673198290476,1382.9608870826364,39.9466963641616,baseline
2025-04-01,1342.3843140307708,1393.301095098068,1455.2492275639765,1395.424754504818,45.01702250513647,baseline
2025-05-01,1379.7513566740986,1412.5837936891658,1462.5757388356842,1415.0589676057343,35.92232404445261,baseline
2025-06-01,1378.0962499136137,1414.3533777173184,1460.5216037997013,1419.618550451506,37.41430468010805,baseline
2025-07-01,1373.292657129648,1409.1569810700719,1460.6325823043815,1414.5804316343074,37.873480491776746,baseline
2025-08-01,1376.0553142431572,1411.3116265376048,1462.313410615987,1415.0788321147515,37.721289812028374,baseline
2025-09-01,1376.7055932032824,1415.7757095190136,1463.9124130190262,1416.3884642461041,33.76721150768329,baseline
2025-10-01,1364.1393175527883,1401.057119028589,1443.9653219093666,1403.127392391008,34.39516599132553,baseline
2025-11-01,1313.6480819985306,1361.5435570769237,1415.0522104786369,1361.0218963122566,48.74792989983857,baseline
2025-12-01,1308.60786561649,1343.205468060647,1381.4429013581434,1343.7126464859714,33.62059416392979,baseline
2024-01-01,1352.1311792462075,1352.1311792462075,1352.1311792462075,1352.1311792462075,0.0,A1_rate_shock_hike_2022
2024-02-01,1316.0293423279463,1359.0776363370915,1404.627385521951,1358.7738673860006,36.794735414081586,A1_rate_shock_hike_2022
2024-03-01,1286.2575299692955,1331.0882099991727,1372.559960936125,1329.9248984872547,34.68129578521494,A1_rate_shock_hike_2022
2024-04-01,1264.7613325697619,1312.5168797013405,1352.1014538445174,1310.8874455375094,37.99853026386557,A1_rate_shock_hike_2022
2024-05-01,1251.8584944084635,1292.7623406214966,1355.9091718594061,1296.1207061502332,37.108053068112035,A1_rate_shock_hike_2022
2024-06-01,1248.1602245600452,1293.048910224083,1344.1711114727252,1295.6628327127762,39.475345433133256,A1_rate_shock_hike_2022
2024-07-01,1218.60809410666,1262.3583222671639,1302.7436574486942,1259.3540267560174,38.08837719086396,A1_rate_shock_hike_2022
2024-08-01,1187.8937972913436,1236.3776472084483,1288.2376590369809,1239.763021447468,46.85314514743326,A1_rate_shock_hike_2022
2024-09-01,1166.275755238639,1217.354830001092,1258.0081403305385,1212.658506844935,39.348472958873984,A1_rate_shock_hike_2022
2024-10-01,1105.1122910370589,1147.1151551359608,1192.0212617240381,1149.05688211221,37.559732469845024,A1_rate_shock_hike_2022
2024-11-01,1085.471675867232,1122.8379566831354,1162.1382577444126,1124.1772046204858,34.058958013532255,A1_rate_shock_hike_2022
2024-12-01,1052.6622969728262,1091.4084739218206,1128.9915759956623,1091.677522823168,32.10496310911371,A1_rate_shock_hike_2022
2025-01-01,995.5309658048351,1040.4795795416212,1087.1380838954685,1038.0690672795847,37.4123811453315,A1_rate_shock_hike_2022
2025-02-01,980.7390771956744,1025.1356030626143,1079.2858393054803,1024.8005175022868,41.5309568057162,A1_rate_shock_hike_2022
2025-03-01,976.2958419773403,1021.0552911430192,1085.1597168809644,1027.066388859697,43.823566515318966,A1_rate_shock_hike_2022
2025-04-01,966.1346275075949,1010.890521478626,1069.7397036331504,1014.0672729925078,45.64646242256848,A1_rate_shock_hike_2022
2025-05-01,946.5178927091821,987.2160680902425,1036.9659044812286,989.8887782148394,34.412159169522255,A1_rate_shock_hike_2022
2025-06-01,933.442893291873,977.931464841201,1030.7818711322443,981.900634254504,39.83514839194544,A1_rate_shock_hike_2022
2025-07-01,899.2351159495698,943.7120343608848,993.6893919230141,944.983077393757,43.47219083945973,A1_rate_shock_hike_2022
2025-08-01,896.440453231716,944.5237610940143,998.2927224619581,946.8995656272201,41.391135322358274,A1_rate_shock_hike_2022
2025-09-01,883.4479252628009,933.6963353794305,985.7257005039199,934.3945236911798,38.97089371849179,A1_rate_shock_hike_2022
2025-10-01,878.4883744744252,927.6351877782745,971.9606718270808,926.6477603984505,41.11893837228725,A1_rate_shock_hike_2022
2025-11-01,831.6596290315779,884.9009825842525,936.32579532359,881.5420564069626,42.579480254276,A1_rate_shock_hike_2022
2025-12-01,847.2453632902926,904.4000098827352,944.3118044234773,899.0124964110671,43.390681593397794,A1_rate_shock_hike_2022
2024-01-01,1352.1311792462075,1352.1311792462075,1352.1311792462075,1352.1311792462075,0.0,A2_rate_gradual_hike
2024-02-01,1333.723329370199,1380.034190708337,1419.6184050996746,1379.5323641206696,42.76779046528807,A2_rate_gradual_hike
2024-03-01,1321.4335525290226,1364.8456562842493,1403.5316225319264,1365.8215766840626,36.64931953058696,A2_rate_gradual_hike
2024-04-01,1290.678892456263,1354.3667142778668,1402.5607791505756,1357.6040662007122,48.93088855197796,A2_rate_gradual_hike
2024-05-01,1318.6598463759358,1359.6287733426375,1421.2831771315684,1365.4809472748539,38.890026743982425,A2_rate_gradual_hike
2024-06-01,1326.6388386005294,1375.4647951171282,1425.08157576196,1375.5922639407304,42.9909261987616,A2_rate_gradual_hike
2024-07-01,1294.0599208382205,1356.4453055652598,1398.339671330986,1352.979717341046,42.043054523900985,A2_rate_gradual_hike
2024-08-01,1305.5192702537645,1350.5107739340265,1395.39805891721,1348.627479121243,43.26924002572717,A2_rate_gradual_hike
2024-09-01,1305.7469049425217,1340.7712680614868,1393.2891094063968,1345.6440449333031,41.652671135357686,A2_rate_gradual_hike
2024-10-01,1233.951713882475,1288.0428816948966,1342.7888909672422,1289.2786418192327,43.27164401625444,A2_rate_gradual_hike
2024-11-01,1238.7959567686491,1282.7629887873295,1351.973066239921,1288.4219206787673,47.417706116206,A2_rate_gradual_hike
2024-12-01,1213.3593212832043,1256.8345104626164,1309.3000904462006,1260.4000742873125,36.2959831304297,A2_rate_gradual_hike
2025-01-01,1176.6543868633767,1222.7878679720327,1276.377918401688,1224.07269838834,44.71042841230961,A2_rate_gradual_hike
2025-02-01,1180.7453060215523,1222.921127518499,1269.680379316873,1228.209676503973,41.055111755301404,A2_rate_gradual_hike
2025-03-01,1193.1255494007517,1230.6732410775294,1291.0777644589152,1236.4165683051158,43.25101551058774,A2_rate_gradual_hike
2025-04-01,1183.885058348354,1226.6588297261062,1279.1238416309686,1228.9673107233266,38.58722584911075,A2_rate_gradual_hike
2025-05-01,1185.7778294108105,1222.3064047906428,1261.2804969918802,1224.797539273915,32.62527353076608,A2_rate_gradual_hike
2025-06-01,1192.630974466265,1228.0585060635958,1264.777030414624,1227.5538320753894,29.433859655473583,A2_rate_gradual_hike
2025-07-01,1163.5145972245994,1207.8155222145035,1253.6067509418742,1208.6352050709754,36.14094570686632,A2_rate_gradual_hike
2025-08-01,1166.1147631417623,1204.6820790004354,1244.2383089310433,1203.5516969616547,40.263042577015405,A2_rate_gradual_hike
2025-09-01,1159.3807774864545,1194.7656693206734,1228.651758809267,1196.7978496189128,35.8396861506115,A2_rate_gradual_hike
2025-10-01,1141.059815321188,1173.4931111974352,1224.1561811596816,1176.462933453302,30.825464104168645,A2_rate_gradual_hike
2025-11-01,1080.467507868642,1129.159363477697,1172.4953917106218,1129.1416044339549,37.73403945092266,A2_rate_gradual_hike
2025-12-01,1089.822681985162,1130.6059055226362,1163.5595408162055,1128.191050844279,33.03847621846149,A2_rate_gradual_hike
2024-01-01,1352.1311792462075,1352.1311792462075,1352.1311792462075,1352.1311792462075,0.0,A3_rate_gradual_cut
2024-02-01,1356.0929231497678,1407.6343749596556,1450.2524551465983,1404.4883203883446,45.56575930687487,A3_rate_gradual_cut
2024-03-01,1372.961945535715,1406.649939202308,1457.2666242202022,1412.7285953987873,41.9190435189767,A3_rate_gradual_cut
2024-04-01,1371.0734462579128,1422.7540143392234,1481.354324403635,1425.1482945982666,43.90943242672606,A3_rate_gradual_cut
2024-05-01,1412.6308723882673,1456.3608406419157,1509.9414011472325,1460.4814276763348,45.553199282167014,A3_rate_gradual_cut
2024-06-01,1445.8321644851746,1488.0516565635758,1536.2151143141066,1490.812671045484,38.241149610534855,A3_rate_gradual_cut
2024-07-01,1443.6056589241032,1489.64589235599,1556.3272755403277,1495.268811912645,41.72831715155363,A3_rate_gradual_cut
2024-08-01,1464.3970322421305,1509.495180475502,1569.3156441591932,1514.6018588701688,43.36020601448139,A3_rate_gradual_cut
2024-09-01,1486.4257161611613,1529.5169871125934,1581.5483517989405,1533.7527428906335,41.52986517422886,A3_rate_gradual_cut
2024-10-01,1438.738172767338,1497.1638748076184,1557.5249486315554,1498.3871016011074,54.51613293778833,A3_rate_gradual_cut
2024-11-01,1471.4174037860116,1513.6627989373765,1565.4211171505317,1517.0133556409583,38.87440118255103,A3_rate_gradual_cut
2024-12-01,1460.990138683896,1501.513047671446,1558.6417178297656,1507.2107360752914,43.88033888526483,A3_rate_gradual_cut
2025-01-01,1456.4092022084185,1499.9402864778667,1547.961931464103,1500.3667783498627,45.51921879194665,A3_rate_gradual_cut
2025-02-01,1479.5821655335549,1522.846068460453,1580.9307878318223,1525.342079203559,39.21909560898797,A3_rate_gradual_cut
2025-03-01,1519.7285399622056,1556.290697823547,1597.2886776904281,1557.5138275545794,31.9574713783518,A3_rate_gradual_cut
2025-04-01,1532.4955633956852,1575.8089794620153,1631.3372035072998,1578.7351303840053,41.260379114611325,A3_rate_gradual_cut
2025-05-01,1554.6411294872087,1601.7341971335363,1639.6574923032979,1601.0611773426294,36.19029011040923,A3_rate_gradual_cut
2025-06-01,1594.5372179437627,1626.930515058636,1680.3570321776472,1631.9682140242753,37.012821729071504,A3_rate_gradual_cut
2025-07-01,1587.605563532309,1632.2959967764866,1679.1726941479008,1636.9441863592197,36.7402459992016,A3_rate_gradual_cut
2025-08-01,1616.4043114560416,1650.5993699322153,1710.4620195744108,1657.7501462395198,43.90504144684468,A3_rate_gradual_cut
2025-09-01,1616.8167489401178,1666.5472010555227,1709.8783648792623,1665.9050392255276,42.573287844628254,A3_rate_gradual_cut
2025-10-01,1617.5102388188325,1667.30278833409,1723.578624668531,1667.3004723787203,40.81305798564096,A3_rate_gradual_cut
2025-11-01,1617.6283140581359,1672.1927474069983,1725.453953618041,1670.6464166234614,41.19902567097915,A3_rate_gradual_cut
2025-12-01,1622.203650047499,1664.4538766895798,1708.7603884139312,1662.8126978273663,32.860261915552066,A3_rate_gradual_cut
2024-01-01,1352.1311792462075,1352.1311792462075,1352.1311792462075,1352.1311792462075,0.0,A4_rate_zero_lower_covid
2024-02-01,1365.6685681822496,1415.2591793496508,1460.795519901574,1416.5509381396346,44.59068700998366,A4_rate_zero_lower_covid
2024-03-01,1383.0444034536686,1433.8810506217042,1486.3828390400922,1435.9052035631817,40.298827647578996,A4_rate_zero_lower_covid
2024-04-01,1423.8607273472126,1470.8668563764802,1501.1185225756576,1471.320531309079,38.07499188735421,A4_rate_zero_lower_covid
2024-05-01,1472.3109818792202,1518.9140233155028,1568.8747542292226,1517.7486325790323,41.09593908859004,A4_rate_zero_lower_covid
2024-06-01,1525.1304266586221,1565.910808861961,1625.3701729300942,1571.5774436516235,39.302695073914556,A4_rate_zero_lower_covid
2024-07-01,1542.538375715003,1590.222748414044,1640.4005286636657,1590.9541096545215,38.2482831556819,A4_rate_zero_lower_covid
2024-08-01,1577.6188637856312,1630.2389197982561,1679.8232661107497,1627.6115305285023,40.70835299950369,A4_rate_zero_lower_covid
2024-09-01,1630.3815633584481,1672.012563502441,1729.9949591048844,1677.4115841422247,41.36840895850279,A4_rate_zero_lower_covid
2024-10-01,1605.553602158749,1657.1609515705995,1694.6078252632744,1652.0867786356769,37.010311427127895,A4_rate_zero_lower_covid
2024-11-01,1655.5716645306145,1697.7459943506533,1742.9321900832251,1697.2012010724513,38.51045502787703,A4_rate_zero_lower_covid
2024-12-01,1657.3373728079112,1716.47227645697,1767.4470354128607,1712.8686687341801,40.76961967707029,A4_rate_zero_lower_covid
2025-01-01,1682.36431929091,1716.3577700147086,1770.003783722657,1718.496903547244,38.77375758813784,A4_rate_zero_lower_covid
2025-02-01,1713.4598145822358,1750.0505212209175,1810.0062040995697,1755.7890071763002,37.933828769465265,A4_rate_zero_lower_covid
2025-03-01,1765.5614636010084,1803.8995709818719,1860.6510754307237,1809.2058225794262,42.787536383376015,A4_rate_zero_lower_covid
2025-04-01,1811.1072931814679,1844.1039689029428,1902.0703510810272,1849.172466576251,40.441961688442426,A4_rate_zero_lower_covid
2025-05-01,1852.1206141263906,1891.7155166743373,1946.6314910558983,1892.9521663027317,41.53441968997286,A4_rate_zero_lower_covid
2025-06-01,1898.6542475039669,1928.7739581392484,1984.1838844934107,1933.969382468974,34.027408949259886,A4_rate_zero_lower_covid
2025-07-01,1907.286033231934,1943.7479289610342,1992.1532810267847,1947.897503058695,37.961364338083335,A4_rate_zero_lower_covid
2025-08-01,1948.537723784331,1989.2459270715656,2040.278223749094,1991.3341739180366,45.03411661997259,A4_rate_zero_lower_covid
2025-09-01,1967.766263589563,2018.6502127164438,2076.1044888565575,2016.8114485506567,44.14630849082595,A4_rate_zero_lower_covid
2025-10-01,1979.8230695764435,2044.986638588538,2086.4298924771724,2040.2416766074844,39.94560974990509,A4_rate_zero_lower_covid
2025-11-01,1988.6252840593938,2044.4269082162796,2119.306412250373,2045.6967018521757,52.16379478499612,A4_rate_zero_lower_covid
2025-12-01,2006.992404755237,2052.153020956369,2109.831517015453,2056.7899055844377,37.20414012259904,A4_rate_zero_lower_covid
2024-01-01,1352.1311792462075,1352.1311792462075,1352.1311792462075,1352.1311792462075,0.0,B1_policy_full_tight_moonjaein
2024-02-01,1402.9315917151957,1448.9498466610155,1490.260160488401,1446.644579517433,41.973991214703794,B1_policy_full_tight_moonjaein
2024-03-01,1407.686195735297,1469.1266435838807,1523.3515135201083,1469.6191624274213,54.44868210960911,B1_policy_full_tight_moonjaein
2024-04-01,1412.9971753612174,1469.654675949042,1522.157801092402,1468.4507293852587,44.64615630054449,B1_policy_full_tight_moonjaein
2024-05-01,1416.8692303016135,1475.808422836616,1531.5884487157512,1476.3540795662602,43.15537212862483,B1_policy_full_tight_moonjaein
2024-06-01,1437.6973350216724,1485.417566279219,1541.884770841132,1487.5567422530664,46.24951188216007,B1_policy_full_tight_moonjaein
2024-07-01,1437.9863270128499,1484.5261837992766,1540.7505869070174,1487.9895594791385,44.42111282808405,B1_policy_full_tight_moonjaein
2024-08-01,1460.4684252038403,1505.6087459931964,1564.4682052937314,1509.7797536586977,45.014790766521706,B1_policy_full_tight_moonjaein
2024-09-01,1466.3589681026328,1519.5362538499553,1571.2437393633372,1518.7576207945451,47.74176683464089,B1_policy_full_tight_moonjaein
2024-10-01,1456.3631809466037,1512.0580575625986,1552.0905700073279,1504.707354813721,38.75863920697455,B1_policy_full_tight_moonjaein
2024-11-01,1461.504126988386,1509.587340327652,1565.1211675666182,1510.2215028286096,39.58670120687826,B1_policy_full_tight_moonjaein
2024-12-01,1436.5626869768346,1498.2879698726101,1558.2150985658877,1500.0911629286645,47.53206436623378,B1_policy_full_tight_moonjaein
2025-01-01,1434.166124992092,1488.7304172618012,1545.127135857442,1487.889978134989,60.2811153772483,B1_policy_full_tight_moonjaein
2025-02-01,1451.0094229121758,1523.0672592447686,1583.4345490161734,1519.203027044669,50.34329038988914,B1_policy_full_tight_moonjaein
2025-03-01,1494.91061537783,1551.8182888055553,1606.104237550153,1549.7593333770824,43.377673023352195,B1_policy_full_tight_moonjaein
2025-04-01,1511.460531197212,1580.5907098824632,1628.864976842691,1575.0734016152028,48.62050304297304,B1_policy_full_tight_moonjaein
2025-05-01,1542.6614442397422,1604.5417402058663,1660.6593421626383,1607.1294856929078,48.965985622142036,B1_policy_full_tight_moonjaein
2025-06-01,1589.2860087365218,1642.32465411943,1697.7747203141187,1642.0473523227815,41.530716541016254,B1_policy_full_tight_moonjaein
2025-07-01,1567.4682539631112,1632.7540595962716,1698.8957360172046,1637.4900291921315,48.49653299054026,B1_policy_full_tight_moonjaein
2025-08-01,1607.2548135020572,1661.4082776359369,1725.406651353214,1661.57831977437,46.59027326395979,B1_policy_full_tight_moonjaein
2025-09-01,1640.2251165919558,1694.2006855574464,1771.1683359896558,1698.758159834201,57.06680638229989,B1_policy_full_tight_moonjaein
2025-10-01,1655.0357098988754,1703.2843963871355,1760.5076130909565,1707.8394556709543,44.5343576112165,B1_policy_full_tight_moonjaein
2025-11-01,1769.0477124985036,1821.253296771048,1875.27993074665,1822.6072966029742,39.365614229135666,B1_policy_full_tight_moonjaein
2025-12-01,1770.6190993771258,1822.5980597419384,1870.58634797331,1819.354332311103,40.37897838832132,B1_policy_full_tight_moonjaein
2024-01-01,1352.1311792462075,1352.1311792462075,1352.1311792462075,1352.1311792462075,0.0,B2_policy_full_loose_current
2024-02-01,1282.343881203437,1334.1025408281416,1401.7190984487,1337.7855964998394,46.823812981054836,B2_policy_full_loose_current
2024-03-01,1267.0222996930934,1324.3354063898491,1377.605983548478,1320.9960324663857,52.70008852298279,B2_policy_full_loose_current
2024-04-01,1266.3559313665203,1324.9286929047842,1386.990429358405,1327.8630124507954,49.216986593810944,B2_policy_full_loose_current
2024-05-01,1253.3367473590404,1337.2062843265212,1402.7818242155824,1331.794697672553,55.367718292104556,B2_policy_full_loose_current
2024-06-01,1282.443116648027,1362.0736186876952,1422.406337012731,1359.3056215871768,54.81036411897958,B2_policy_full_loose_current
2024-07-01,1303.2092310257049,1364.2898254579127,1417.6342345100522,1362.454766030675,45.10593419214018,B2_policy_full_loose_current
2024-08-01,1318.7598157331577,1379.5697397002368,1445.8196877871737,1383.1982374301072,50.31488823812109,B2_policy_full_loose_current
2024-09-01,1335.4720855487342,1392.073919124486,1443.3015906774228,1392.9464963174157,43.09052934315537,B2_policy_full_loose_current
2024-10-01,1318.4830961919122,1368.6478562465309,1421.1722575369097,1366.5581030979445,47.16361680010136,B2_policy_full_loose_current
2024-11-01,1323.724383225813,1377.2020857424789,1426.8935167750385,1375.7133360389055,49.572338552801796,B2_policy_full_loose_current
2024-12-01,1289.1471422151078,1355.6993914186041,1420.3043565850535,1355.7043250976537,51.57107428544881,B2_policy_full_loose_current
2025-01-01,1292.73083651757,1347.6125427729403,1407.3202875054706,1345.5936763964987,48.58410125091323,B2_policy_full_loose_current
2025-02-01,1310.5187489419038,1367.5591863170694,1427.3348239810457,1366.4049726234987,44.68867923379339,B2_policy_full_loose_current
2025-03-01,1353.0066148719475,1407.1591394186703,1457.6177461864913,1405.850270807693,47.940696935470996,B2_policy_full_loose_current
2025-04-01,1361.6425933573134,1432.5931050635263,1474.5995638592392,1425.9426256226363,49.65356231881999,B2_policy_full_loose_current
2025-05-01,1394.1425985585229,1457.9179712807095,1500.5874061602908,1452.386175030941,42.502157180546774,B2_policy_full_loose_current
2025-06-01,1420.6977731929287,1479.5761756615602,1520.9647416274418,1473.8036399705154,47.952246100817135,B2_policy_full_loose_current
2025-07-01,1422.8952798480436,1478.7551979108252,1535.5528070267794,1479.3100461353722,50.656663586073,B2_policy_full_loose_current
2025-08-01,1446.224056701127,1497.252422913461,1556.0934111907966,1495.8115914024718,44.993165564696696,B2_policy_full_loose_current
2025-09-01,1461.7153973462205,1515.4356356179878,1564.178138642862,1514.389723311095,39.719143141883,B2_policy_full_loose_current
2025-10-01,1463.4496888351216,1520.8318961008702,1567.3824071849087,1519.3630366767725,40.321958580329195,B2_policy_full_loose_current
2025-11-01,1466.3772270621675,1519.0824205813365,1575.8686756470813,1519.8494236357149,44.80897692748949,B2_policy_full_loose_current
2025-12-01,1506.2756505240154,1560.7234114135942,1608.7152040511187,1558.2115137471028,43.35978949792497,B2_policy_full_loose_current
2024-01-01,1352.1311792462075,1352.1311792462075,1352.1311792462075,1352.1311792462075,0.0,B3_demand_loose_tax_tight
2024-02-01,1309.3179083173404,1361.6200396377717,1426.5262431244971,1365.0011060718898,53.40340665988637,B3_demand_loose_tax_tight
2024-03-01,1309.9915867938978,1357.2117277249097,1404.9414268043943,1356.9607194142673,43.86575972116805,B3_demand_loose_tax_tight
2024-04-01,1298.5708635090662,1349.4116875605491,1394.9177671044818,1346.7337212499597,46.492551308551214,B3_demand_loose_tax_tight
2024-05-01,1286.6523036684791,1357.2869965239843,1408.3339823628917,1352.9241667088377,53.35606209310152,B3_demand_loose_tax_tight
2024-06-01,1309.016722029736,1367.6865027607844,1415.1582588309013,1368.1900747797285,45.94958838962119,B3_demand_loose_tax_tight
2024-07-01,1303.8422395542061,1374.368286413689,1437.489623237914,1370.2948880045294,55.14303395122728,B3_demand_loose_tax_tight
2024-08-01,1320.2586864273337,1377.1196172750545,1425.856091047206,1375.9348019613913,43.31529424413217,B3_demand_loose_tax_tight
2024-09-01,1312.193727530675,1369.013493597825,1409.5788401350349,1367.1576437120652,40.20971138669288,B3_demand_loose_tax_tight
2024-10-01,1259.7449170729226,1321.762576872261,1368.5695550425976,1316.7616592168376,42.64129907211367,B3_demand_loose_tax_tight
2024-11-01,1269.4769854063336,1310.6815385415011,1382.9052472770895,1321.3448404833346,45.5726650323307,B3_demand_loose_tax_tight
2024-12-01,1251.091982903454,1301.559143770567,1365.7091441882644,1305.8977547627014,47.30190709414033,B3_demand_loose_tax_tight
2025-01-01,1239.3017790312101,1290.4717971776045,1337.8519552565117,1291.264809866733,39.90342345876228,B3_demand_loose_tax_tight
2025-02-01,1257.9530698852302,1298.2360436767271,1355.6475333314102,1304.0409389751849,40.86874081154092,B3_demand_loose_tax_tight
2025-03-01,1278.6846046376359,1326.5464803050215,1371.7519258177156,1328.6797960154581,36.8033226898035,B3_demand_loose_tax_tight
2025-04-01,1314.448833319611,1353.2086093583976,1397.1152406891686,1355.2171667989926,35.34282425088128,B3_demand_loose_tax_tight
2025-05-01,1321.9741630348324,1365.6282852549339,1405.2148077012098,1364.2100975122698,37.20649223423719,B3_demand_loose_tax_tight
2025-06-01,1347.4008995759395,1390.4689507798926,1431.0818635642272,1387.1379757686527,35.674560940599164,B3_demand_loose_tax_tight
2025-07-01,1331.1351911169245,1373.1216505319505,1417.2550242769416,1374.1872828828077,32.913345008339725,B3_demand_loose_tax_tight
2025-08-01,1346.8491666923076,1383.1691255074588,1420.589016401388,1383.809456130052,28.453006270466762,B3_demand_loose_tax_tight
2025-09-01,1350.8756999815887,1383.0496641593418,1423.3977318718946,1386.796662687289,30.19732028180034,B3_demand_loose_tax_tight
2025-10-01,1345.014073187855,1385.188438604437,1429.7213654393743,1385.648595348167,33.46531815155454,B3_demand_loose_tax_tight
2025-11-01,1331.0434623525662,1387.2328905275613,1427.5762631259124,1383.805446720338,37.176068377120764,B3_demand_loose_tax_tight
2025-12-01,1398.5609622318104,1439.7055741268423,1481.5891699100512,1439.8231280486716,38.08253251426723,B3_demand_loose_tax_tight
2024-01-01,1352.1311792462075,1352.1311792462075,1352.1311792462075,1352.1311792462075,0.0,B4_demand_tight_tax_loose
2024-02-01,1406.1773778284603,1456.7230064500413,1509.3036712821765,1454.3905215403845,42.498333736741685,B4_demand_tight_tax_loose
2024-03-01,1374.9710378658763,1423.3231372541213,1476.746210160751,1426.430182593235,42.68348259696122,B4_demand_tight_tax_loose
2024-04-01,1365.7567122635025,1421.0327827175824,1471.6232505262662,1421.4371521087226,42.65193938894863,B4_demand_tight_tax_loose
2024-05-01,1382.8716402944594,1435.4795465704537,1484.938588730838,1434.0236102789027,42.455490259558054,B4_demand_tight_tax_loose
2024-06-01,1401.200801293602,1445.918731805169,1530.515933880406,1454.352093536224,46.11249190559349,B4_demand_tight_tax_loose
2024-07-01,1392.9466053482327,1445.771352162983,1491.9490502996782,1445.4855633266666,40.849860688926874,B4_demand_tight_tax_loose
2024-08-01,1421.5685774187766,1460.1229812431307,1517.4792981330393,1462.8407787130598,41.591400026295965,B4_demand_tight_tax_loose
2024-09-01,1416.4724761025138,1460.8747975010467,1526.6241497278181,1468.8214214360278,43.82520393594448,B4_demand_tight_tax_loose
2024-10-01,1388.5099817928904,1431.965546391898,1470.4708297471286,1433.1536812980248,40.272227748252,B4_demand_tight_tax_loose
2024-11-01,1383.9651596555664,1424.1739935307364,1471.7841332012094,1426.8370426490085,45.68060796493724,B4_demand_tight_tax_loose
2024-12-01,1360.718858261866,1400.229211603335,1456.0266424175386,1401.0630735259965,40.14658573274441,B4_demand_tight_tax_loose
2025-01-01,1333.688034361117,1375.2541456190888,1426.5071521662678,1374.5982076919906,35.46608653887052,B4_demand_tight_tax_loose
2025-02-01,1332.9406292100878,1380.0215922651137,1420.9208618704336,1379.487546161632,35.4655624733213,B4_demand_tight_tax_loose
2025-03-01,1372.1527045849496,1400.3817457768992,1448.45640830872,1406.1019100648782,33.473217326500304,B4_demand_tight_tax_loose
2025-04-01,1362.7730882083288,1403.1472104188024,1446.493249628403,1404.0753402556377,38.255492125884196,B4_demand_tight_tax_loose
2025-05-01,1396.8841508130174,1432.017910469097,1473.9738855008077,1433.6505275196919,34.39173248833146,B4_demand_tight_tax_loose
2025-06-01,1391.876889488274,1430.8645817198312,1484.4167721480678,1435.5412122954335,39.86204770990331,B4_demand_tight_tax_loose
2025-07-01,1382.5751321453586,1422.6213694754579,1470.6619924293152,1426.558006036148,38.18861057155925,B4_demand_tight_tax_loose
2025-08-01,1390.9753105137574,1428.6963941123704,1475.4872645704477,1429.684393991396,36.2040996384282,B4_demand_tight_tax_loose
2025-09-01,1385.4212345182414,1418.8463845559659,1480.625577558099,1428.2401213160776,46.97908239468057,B4_demand_tight_tax_loose
2025-10-01,1372.5730896823782,1417.4458197645097,1456.0959095836547,1415.6829268384117,34.18055559051213,B4_demand_tight_tax_loose
2025-11-01,1310.9805028687936,1357.599770288692,1404.2984822010594,1354.3337800032439,38.10240097217399,B4_demand_tight_tax_loose
2025-12-01,1286.879367068934,1326.4565613616335,1365.745282646057,1327.464131176405,31.15018560788286,B4_demand_tight_tax_loose
2024-01-01,1352.1311792462075,1352.1311792462075,1352.1311792462075,1352.1311792462075,0.0,B5_neutral_supply_focus
2024-02-01,1332.110136816174,1383.5870968778559,1429.5574272355034,1382.2009046878518,45.81606069175642,B5_neutral_supply_focus
2024-03-01,1322.889055912935,1376.6926230565084,1420.641266348162,1372.7366327403606,40.15380383951479,B5_neutral_supply_focus
2024-04-01,1284.7694797701054,1361.6236404887163,1415.8974275049557,1357.0479875282801,51.45550059034388,B5_neutral_supply_focus
2024-05-01,1289.5717425969735,1367.1566256085798,1429.107863696903,1358.6780343244059,58.87511511435881,B5_neutral_supply_focus
2024-06-01,1299.3838142541035,1362.840771798909,1416.9793713629963,1359.590632344097,52.936940817936836,B5_neutral_supply_focus
2024-07-01,1309.3344832179318,1369.6938725567857,1414.4164140053267,1363.9377930435078,45.859094172072815,B5_neutral_supply_focus
2024-08-01,1308.7122919733793,1362.0919473005015,1425.591510279159,1363.2842330139454,49.43984553164037,B5_neutral_supply_focus
2024-09-01,1323.934102021468,1367.9298295398075,1425.176822783497,1372.095390727052,46.55729826718011,B5_neutral_supply_focus
2024-10-01,1285.1422137703228,1341.883314337059,1399.804774796736,1339.9740474871203,41.44214637672883,B5_neutral_supply_focus
2024-11-01,1281.432386849037,1336.239117999496,1383.843299897351,1335.077621376825,44.340790215627365,B5_neutral_supply_focus
2024-12-01,1254.2900388170267,1307.1839195895022,1360.818598292927,1307.6079877921945,49.338493090992394,B5_neutral_supply_focus
2025-01-01,1233.0006836196253,1292.2663257897552,1340.1835496303286,1290.6250806203398,47.032857412640055,B5_neutral_supply_focus
2025-02-01,1242.789438631619,1302.4815461508642,1369.097355745027,1304.75460414795,48.30285183462316,B5_neutral_supply_focus
2025-03-01,1270.89630440537,1324.3122970195896,1384.9472195868336,1325.2981476988023,50.7593293586075,B5_neutral_supply_focus
2025-04-01,1289.7820955636964,1336.9504712617359,1391.1589336925042,1337.0672907254966,46.58455137613292,B5_neutral_supply_focus
2025-05-01,1299.7529271565863,1344.7110552714305,1406.971694990069,1348.4967783338445,43.29983350139622,B5_neutral_supply_focus
2025-06-01,1312.213662139778,1368.7490051108623,1428.7486595398282,1368.2436161335097,49.83519333035259,B5_neutral_supply_focus
2025-07-01,1304.0446232713414,1356.1969924874875,1412.7219802487637,1357.1917356678541,50.328149454390434,B5_neutral_supply_focus
2025-08-01,1301.557593730328,1359.7989786791882,1411.3353285966507,1359.7244025461214,43.630538250805714,B5_neutral_supply_focus
2025-09-01,1320.132342126233,1380.237162598788,1419.1612619914742,1379.000330696129,40.329705373569325,B5_neutral_supply_focus
2025-10-01,1322.9958109325976,1373.035463405393,1435.4402747317592,1377.0031610809754,44.56973593893906,B5_neutral_supply_focus
2025-11-01,1365.9016712397936,1401.6971034083708,1471.626230264863,1414.4513969386185,40.40111914687602,B5_neutral_supply_focus
2025-12-01,1375.2122004526939,1422.4417198555136,1467.1067193500428,1421.6478606914698,51.26356661985836,B5_neutral_supply_focus
2024-01-01,1352.1311792462075,1352.1311792462075,1352.1311792462075,1352.1311792462075,0.0,C1_stagflation_70s
2024-02-01,1320.9600141002184,1372.9443655697196,1413.059666317968,1368.638861669376,40.067296047195875,C1_stagflation_70s
2024-03-01,1302.7396155557,1344.7159934544743,1388.1117329685153,1346.6123950378333,38.84706976441085,C1_stagflation_70s
2024-04-01,1295.4043525425361,1343.5363496420143,1389.8002570165506,1343.9401647331633,43.3083022869962,C1_stagflation_70s
2024-05-01,1297.5106862135533,1339.9382832095755,1385.627746841465,1342.6903795139244,33.92912859232532,C1_stagflation_70s
2024-06-01,1289.2813658038078,1337.354136464191,1390.1427707779605,1339.6162394769642,40.259331966783684,C1_stagflation_70s
2024-07-01,1275.0180824688648,1316.4032089250036,1369.6371501789952,1321.1584640410372,41.15770645296321,C1_stagflation_70s
2024-08-01,1253.6345689864706,1304.344229398369,1356.2687590747507,1304.3612884073557,40.290967922988564,C1_stagflation_70s
2024-09-01,1244.0937761650162,1290.6970715437737,1332.1489707628857,1289.4244057244348,37.645196279249625,C1_stagflation_70s
2024-10-01,1203.9487460382888,1238.8390651516347,1285.7291396483079,1245.6329789206002,41.799748012639924,C1_stagflation_70s
2024-11-01,1189.642229798808,1234.8007269910665,1278.4429026285175,1235.2356651778814,37.03481257569836,C1_stagflation_70s
2024-12-01,1170.398841960255,1215.629291401446,1261.54229259947,1216.0590408851303,40.43640149976651,C1_stagflation_70s
2025-01-01,1148.3261295569946,1206.1471776351332,1248.191197344461,1204.9444479495814,43.23417694415873,C1_stagflation_70s
2025-02-01,1136.5424032754527,1192.4439622609457,1245.5684684161874,1192.6404843920243,45.3794621421308,C1_stagflation_70s
2025-03-01,1145.1160178128873,1189.8415571934233,1242.234641303073,1190.308676475497,44.59888681878339,C1_stagflation_70s
2025-04-01,1135.8742703024375,1178.5000552921733,1226.476859680515,1179.9698229838557,33.60358349632184,C1_stagflation_70s
2025-05-01,1122.7544245977826,1169.0680863571015,1204.611991325912,1166.6445310452393,31.882662121633423,C1_stagflation_70s
2025-06-01,1127.0834482037708,1157.0470406486743,1190.44089933033,1157.6224799398753,31.700226096404645,C1_stagflation_70s
2025-07-01,1100.3472661051824,1143.1388021698426,1190.1674192160508,1145.193403895663,36.554100344578316,C1_stagflation_70s
2025-08-01,1085.9476308876833,1138.4458697545895,1185.8217954589154,1135.176645370645,39.678251167353764,C1_stagflation_70s
2025-09-01,1064.4089307842378,1112.8870345474531,1159.472837992331,1112.0886394064905,40.190064320333825,C1_stagflation_70s
2025-10-01,1059.6453447171014,1104.6170164306045,1148.135572871293,1101.2407225631423,36.97025554993079,C1_stagflation_70s
2025-11-01,1011.835106218571,1054.5936071888352,1094.6109289357971,1053.1090541197907,40.476004783396625,C1_stagflation_70s
2025-12-01,1002.4098567666291,1038.35700545602,1075.9263612474867,1038.5973620084762,31.73880453313218,C1_stagflation_70s
2024-01-01,1352.1311792462075,1352.1311792462075,1352.1311792462075,1352.1311792462075,0.0,C2_recession_imf_type
2024-02-01,1294.7541946198555,1346.171106456378,1393.5379965112375,1348.4376330059843,37.58895455029596,C2_recession_imf_type
2024-03-01,1261.6694510854898,1299.966219453029,1339.0805264620244,1300.8256833387154,32.869473772624424,C2_recession_imf_type
2024-04-01,1220.8167184987094,1263.2205577654167,1312.5959051887255,1265.6787656441602,38.412909620164626,C2_recession_imf_type
2024-05-01,1185.9066127121857,1238.5495912655415,1282.7903469373466,1236.8620654562942,41.954347221467124,C2_recession_imf_type
2024-06-01,1172.2563636087477,1212.4574113254798,1255.0642771305745,1211.876195078108,42.058020592955465,C2_recession_imf_type
2024-07-01,1117.1285362467709,1169.4129499066785,1214.2332098303373,1167.436347740645,40.517986060817854,C2_recession_imf_type
2024-08-01,1074.9126171365506,1129.4221556465693,1182.565519381889,1129.8541978075648,46.00825186689923,C2_recession_imf_type
2024-09-01,1020.5614864783744,1084.876520818637,1141.7684648613638,1084.761019316321,50.67612769202508,C2_recession_imf_type
2024-10-01,982.3610992805093,1033.9217924057705,1091.7201888151512,1033.125817759831,45.53742144668936,C2_recession_imf_type
2024-11-01,943.7919191168463,1008.2106090132363,1059.1541913574356,1004.4029302725513,48.04116092150275,C2_recession_imf_type
2024-12-01,888.0876933293459,965.7907757469313,1005.6400665798611,956.8552818977905,43.91761837015927,C2_recession_imf_type
2025-01-01,891.0465658931624,942.7587907255472,998.424363790735,942.8391386889099,49.37558062633872,C2_recession_imf_type
2025-02-01,880.4208688129004,921.9538377563199,976.1210486428388,924.4667825122831,41.93951454276186,C2_recession_imf_type
2025-03-01,859.7751895055366,914.9643326288888,974.2264816791978,912.7317304896311,47.53155028648249,C2_recession_imf_type
2025-04-01,833.7181269829935,891.4668494227085,954.5047788410653,893.210027101533,53.59309613578195,C2_recession_imf_type
2025-05-01,820.3628969325524,871.2736369905308,940.6165743243864,877.4239476648775,44.81556627423667,C2_recession_imf_type
2025-06-01,829.6048503398804,857.6469277955052,908.164601582979,860.7329755719002,34.57902189670173,C2_recession_imf_type
2025-07-01,782.9891840902367,832.280975974567,889.3407157994051,835.5564953103054,53.364471193522924,C2_recession_imf_type
2025-08-01,804.895833098488,856.5410058311774,899.995890428669,852.105527212295,37.182500207894655,C2_recession_imf_type
2025-09-01,780.4926829884404,832.2217808874884,900.8187593798573,836.3798140911445,47.08626218173312,C2_recession_imf_type
2025-10-01,794.842949483196,852.3716025526136,921.3185645638358,856.1997444481857,51.66385740325778,C2_recession_imf_type
2025-11-01,785.9723428348674,842.9328645131941,902.5512863909839,844.4078450795695,54.10444615748386,C2_recession_imf_type
2025-12-01,831.6562994679938,870.1937770858705,938.5218587131924,878.4607152176801,44.581142188617505,C2_recession_imf_type
2024-01-01,1352.1311792462075,1352.1311792462075,1352.1311792462075,1352.1311792462075,0.0,C3_recovery_v_shape
2024-02-01,1356.7412500849875,1403.1692334546417,1442.848572816007,1400.942990505218,38.87240993230685,C3_recovery_v_shape
2024-03-01,1374.4423243234742,1412.6708828017381,1464.5776811799442,1413.4148443386334,36.98205401312106,C3_recovery_v_shape
2024-04-01,1400.0331672421598,1442.431998198946,1498.013928256081,1445.852955186728,39.280614418059066,C3_recovery_v_shape
2024-05-01,1429.1737070517065,1483.5218811079221,1530.5543091723086,1481.1475018503697,45.275264930727836,C3_recovery_v_shape
2024-06-01,1470.0368125189564,1522.826585811752,1569.9850441156202,1523.6958843251725,39.755008488249906,C3_recovery_v_shape
2024-07-01,1483.2035906322465,1536.7984603257578,1569.9265230621425,1529.9104388615087,35.62615411238821,C3_recovery_v_shape
2024-08-01,1497.6132616247646,1551.4875583312808,1602.053990954983,1551.6877874581755,39.17127050152498,C3_recovery_v_shape
2024-09-01,1500.7908628427112,1565.284215588821,1611.115655636822,1559.2174264063517,40.0691342195449,C3_recovery_v_shape
2024-10-01,1484.4746579205978,1550.001878199859,1609.5213570354852,1550.4177081559683,47.35310902645064,C3_recovery_v_shape
2024-11-01,1524.1632866015173,1572.5937846154452,1631.2209279347005,1573.8796697394987,43.51774469508646,C3_recovery_v_shape
2024-12-01,1527.773207196487,1575.4054191706643,1626.821190147105,1576.3215901039368,42.78148611960525,C3_recovery_v_shape
2025-01-01,1562.7850903383644,1597.8598958381137,1648.5469436131534,1601.2722512299556,36.73170145455077,C3_recovery_v_shape
2025-02-01,1547.7887151104464,1615.6770981641298,1655.2506751873539,1608.924423524448,42.2089874123995,C3_recovery_v_shape
2025-03-01,1609.246046147843,1649.232906084154,1687.8856256187055,1648.08453532477,36.15217030604446,C3_recovery_v_shape
2025-04-01,1619.8269004866204,1665.0253654028386,1702.794020891742,1664.9024194357926,31.38867692782097,C3_recovery_v_shape
2025-05-01,1648.0439784597816,1690.5161846838876,1734.6215570386507,1690.5917370846919,34.442731059454886,C3_recovery_v_shape
2025-06-01,1669.5855048020114,1720.6501368213385,1762.93925052107,1716.936698766553,34.709661415076866,C3_recovery_v_shape
2025-07-01,1683.781069070508,1734.604286443734,1786.5712776532314,1734.9759177120939,40.151095824363196,C3_recovery_v_shape
2025-08-01,1697.5843790028555,1743.5621030837638,1790.4646800149492,1742.2957483932935,39.81549807885222,C3_recovery_v_shape
2025-09-01,1721.1015254240938,1756.7838967596965,1798.107402663519,1759.272694407884,35.21702138854797,C3_recovery_v_shape
2025-10-01,1725.6809256794895,1771.599819753722,1820.263166087599,1773.2967288314692,39.351112032900005,C3_recovery_v_shape
2025-11-01,1716.9689056160319,1748.6269151165288,1785.0430786274896,1749.209070904031,35.160413500336645,C3_recovery_v_shape
2025-12-01,1724.4790068065133,1765.377283214598,1805.2370646933225,1765.8104012922374,32.294050947974334,C3_recovery_v_shape
2024-01-01,1352.1311792462075,1352.1311792462075,1352.1311792462075,1352.1311792462075,0.0,C4_goldilocks
2024-02-01,1360.9713537316786,1405.1160114575662,1453.217542984283,1403.6808922414705,40.0030922626704,C4_goldilocks
2024-03-01,1360.8914771560153,1401.730860542069,1452.290204408612,1406.1908242003244,39.58476867403872,C4_goldilocks
2024-04-01,1375.0657252627311,1422.4448464098657,1487.670921951356,1426.2951205207562,50.26105944767395,C4_goldilocks
2024-05-01,1394.2196664823095,1453.9622765761105,1497.7811397444036,1450.9709773705638,37.941325706868845,C4_goldilocks
2024-06-01,1432.682966673418,1481.0950058910066,1533.5907043926368,1481.9076907512404,40.322615416515,C4_goldilocks
2024-07-01,1442.614781488755,1491.638280326812,1529.5171835303845,1488.0081506403287,40.54739036937002,C4_goldilocks
2024-08-01,1451.150624098129,1501.0798242914839,1547.511509578105,1500.939425704616,37.363571883449495,C4_goldilocks
2024-09-01,1465.0096731543074,1509.8656392709872,1547.7266715080236,1506.6685612608899,33.005077692048566,C4_goldilocks
2024-10-01,1443.4152517319308,1497.865588726838,1537.5181997021964,1492.2629653814065,47.89823001150789,C4_goldilocks
2024-11-01,1466.1690212941733,1512.0639977493847,1559.3922283542934,1511.8321475174143,38.03738966704375,C4_goldilocks
2024-12-01,1478.7269106791734,1515.3979990461617,1562.0209942475383,1515.8802394739791,33.57690761426893,C4_goldilocks
2025-01-01,1495.8174003223144,1529.9163218206718,1575.054754735833,1534.2634462342758,35.75231718579822,C4_goldilocks
2025-02-01,1496.8086940549395,1542.1935076023767,1587.1204120791451,1542.7941961116946,42.77052913488405,C4_goldilocks
2025-03-01,1541.0828252121505,1581.1527074082428,1620.6401979324892,1583.8018680363552,38.19835534048106,C4_goldilocks
2025-04-01,1561.4292847429806,1600.8366818106556,1646.8420686918257,1600.6161265637568,33.359388823861686,C4_goldilocks
2025-05-01,1583.151232056337,1623.8735545451736,1660.5656858083148,1622.3988389254473,33.40017433119723,C4_goldilocks
2025-06-01,1604.4095504004413,1651.1991906483072,1695.0044424999473,1649.8781384417014,41.32624905049218,C4_goldilocks
2025-07-01,1623.6132347206863,1667.2955501986635,1709.3336107245811,1666.2453902806412,36.029308114446096,C4_goldilocks
2025-08-01,1632.0905104135863,1680.2257354040783,1720.158042853623,1679.4585193201801,36.88104908646489,C4_goldilocks
2025-09-01,1655.4792221922917,1693.4019643317743,1739.8922741197725,1694.4977588411618,32.085365137507274,C4_goldilocks
2025-10-01,1666.9272196525787,1706.19909608617,1758.105208819694,1708.9120504498662,38.944617542573546,C4_goldilocks
2025-11-01,1642.542954085289,1686.1113904712065,1736.6649773677918,1687.3632721335596,41.969878299043984,C4_goldilocks
2025-12-01,1664.3908050224804,1704.8592978997785,1750.7067551342495,1706.640663165814,34.4200658190152,C4_goldilocks
2024-01-01,1352.1311792462075,1352.1311792462075,1352.1311792462075,1352.1311792462075,0.0,D1_supply_shortage
2024-02-01,1354.3100937206125,1409.8830897052703,1461.647144667038,1408.9974866741718,40.75374261899988,D1_supply_shortage
2024-03-01,1364.1750763834277,1418.5130842758995,1474.2368242757454,1422.423907113756,44.8380125177809,D1_supply_shortage
2024-04-01,1394.7267067762016,1439.2144953362322,1493.055243420236,1440.9371730855357,43.20954926912759,D1_supply_shortage
2024-05-01,1424.8471128172832,1477.113976230595,1538.06902620587,1477.137994674184,43.289338716840355,D1_supply_shortage
2024-06-01,1459.115820584754,1523.6466557104168,1581.7700928444533,1523.7463804251386,48.91567642801119,D1_supply_shortage
2024-07-01,1490.4217011119263,1544.5096988757866,1597.5743366817887,1545.1516338505035,46.24765806141952,D1_supply_shortage
2024-08-01,1546.7010531750998,1588.8856244010967,1630.2878223752398,1590.6465541637588,34.58377659755587,D1_supply_shortage
2024-09-01,1579.1001273221839,1624.3164754317986,1676.5967131487862,1627.1577764606109,37.61295001166201,D1_supply_shortage
2024-10-01,1553.5673535056808,1605.426864973485,1656.988455362157,1610.0265512613612,41.53394875026912,D1_supply_shortage
2024-11-01,1599.3734541142935,1638.4566531701184,1695.4111780439277,1645.761209892189,39.82851974943334,D1_supply_shortage
2024-12-01,1625.5549495633309,1657.850325989634,1703.5698192597033,1662.873567163706,43.83483234873791,D1_supply_shortage
2025-01-01,1632.888541027965,1674.516467527484,1726.9608085148932,1678.5250736428166,40.716013302823704,D1_supply_shortage
2025-02-01,1660.0165424981062,1704.7034149044703,1771.699985845439,1707.262070434542,41.78268206346226,D1_supply_shortage
2025-03-01,1704.365077083511,1747.5598286529216,1792.8667382922379,1746.7056451718156,39.74889860011709,D1_supply_shortage
2025-04-01,1751.0828363345431,1795.2856548816594,1842.971254969329,1795.5060301115604,38.664272538742786,D1_supply_shortage
2025-05-01,1809.7849581322605,1842.8966810811796,1901.6224528360876,1848.9026418237484,37.861569710062284,D1_supply_shortage
2025-06-01,1840.108906326227,1871.14574996055,1918.2945833743572,1874.7591679749212,38.70090997868748,D1_supply_shortage
2025-07-01,1870.3930043637095,1903.1339035813385,1947.6552393530894,1905.3068159775628,38.1099062927337,D1_supply_shortage
2025-08-01,1894.3906686236176,1937.1569345904463,1975.3851243818578,1935.2009810513598,40.809021493990734,D1_supply_shortage
2025-09-01,1925.3846039855741,1967.181616671188,2013.8173395634576,1969.2032250620414,36.8631796539088,D1_supply_shortage
2025-10-01,1945.0818536540148,1983.7318531825022,2038.8020778664602,1987.284365069385,35.73999448109583,D1_supply_shortage
2025-11-01,1924.4117183681433,1971.3684132623048,2012.462885626467,1969.6218920075619,42.83631367939336,D1_supply_shortage
2025-12-01,1951.002798795177,1992.0772097038252,2032.5622427009855,1992.5119135111408,36.66697719708856,D1_supply_shortage
2024-01-01,1352.1311792462075,1352.1311792462075,1352.1311792462075,1352.1311792462075,0.0,D2_supply_glut
2024-02-01,1330.8592692442153,1374.638460014241,1422.695915592071,1375.9038420109791,42.1147338161929,D2_supply_glut
2024-03-01,1306.1284154046577,1345.6977130269167,1385.2380075969634,1347.6746027122633,31.24980557857937,D2_supply_glut
2024-04-01,1280.6474751241333,1330.8931327864934,1375.8816747450767,1331.0587915956526,35.82056521069601,D2_supply_glut
2024-05-01,1282.7943607802617,1329.7050488221998,1371.2674092557652,1329.8557063088408,38.10536941013018,D2_supply_glut
2024-06-01,1264.8507748202294,1321.434016044711,1372.048771099796,1323.220397332995,43.368810109619425,D2_supply_glut
2024-07-01,1263.7124709345153,1303.7319483709305,1342.9149534030696,1303.662026721269,34.623170181451464,D2_supply_glut
2024-08-01,1261.001962359649,1302.8936734859853,1346.1007285683029,1309.7959310594285,44.37345151344657,D2_supply_glut
2024-09-01,1257.4605756763897,1301.3681926801742,1342.115345099886,1300.4083602885657,36.46408094475148,D2_supply_glut
2024-10-01,1198.2788620791612,1238.0506722414275,1297.8941153677747,1243.3608052086315,39.73477874875304,D2_supply_glut
2024-11-01,1191.5439203325345,1235.899496564612,1276.2522678561159,1235.7652539195458,33.61969156049707,D2_supply_glut
2024-12-01,1167.130579457334,1206.8120735676248,1261.1323642698367,1208.67647971589,35.44217326027063,D2_supply_glut
2025-01-01,1131.9218662454634,1176.2503750313037,1216.568280021009,1174.921458226252,38.62844001741548,D2_supply_glut
2025-02-01,1120.4149430919633,1165.467001706675,1217.4006982361354,1169.8341785467276,41.338104803410175,D2_supply_glut
2025-03-01,1127.0349655453135,1167.1895234488566,1211.7009836799186,1166.9605525483403,38.31727736002501,D2_supply_glut
2025-04-01,1128.0995101851297,1165.183469043815,1207.2154744524987,1166.526233896337,35.54476371423062,D2_supply_glut
2025-05-01,1132.0203240987655,1174.0789426788149,1205.1333929913949,1169.4653191814434,31.390620100449144,D2_supply_glut
2025-06-01,1127.1076950339339,1162.1995654679938,1205.1193650551234,1162.6128410449644,33.14055444316953,D2_supply_glut
2025-07-01,1095.583945094779,1143.0692917899396,1185.9986621867884,1143.7405954940339,35.77144388735019,D2_supply_glut
2025-08-01,1098.0858928757073,1140.5183712104126,1189.4945182416573,1140.693737111752,33.556153004134025,D2_supply_glut
2025-09-01,1071.8668754837047,1111.4786849573106,1151.6274078270978,1110.6125091839083,34.813082045676104,D2_supply_glut
2025-10-01,1043.5926249945237,1084.0044717704295,1130.8437775232119,1085.1796470045094,39.026534772173186,D2_supply_glut
2025-11-01,987.9351844529494,1029.2680523693448,1080.7727441249413,1031.964627443412,39.246389126824184,D2_supply_glut
2025-12-01,980.8043703747261,1023.5831415976501,1063.3938106017365,1024.881951829357,35.83003361810324,D2_supply_glut
2024-01-01,1352.1311792462075,1352.1311792462075,1352.1311792462075,1352.1311792462075,0.0,D3_jeonse_crisis
2024-02-01,1345.9898984303604,1388.4679885956616,1424.3229462911374,1386.9351330344216,38.724828968416325,D3_jeonse_crisis
2024-03-01,1336.2955698904655,1385.277795552136,1429.9427762361115,1383.4857093991282,38.97716848897669,D3_jeonse_crisis
2024-04-01,1335.989530992699,1385.4585225251958,1434.6243885686174,1387.1821779530273,41.989569904471416,D3_jeonse_crisis
2024-05-01,1361.2745463619683,1414.9214498091064,1457.1836305580596,1411.0155766862963,42.26530323811216,D3_jeonse_crisis
2024-06-01,1379.5321712871705,1435.2125943439714,1488.6876638533843,1432.3341758603465,44.49788497361501,D3_jeonse_crisis
2024-07-01,1389.1844604076582,1435.0088088769166,1494.04286115314,1441.377330062645,42.469746574894224,D3_jeonse_crisis
2024-08-01,1401.7594953548155,1459.6894278527443,1496.0115362439192,1453.8169583676738,41.37778199866494,D3_jeonse_crisis
2024-09-01,1417.4080792596997,1465.8605028550128,1513.582522055688,1464.022984512197,39.186266512024545,D3_jeonse_crisis
2024-10-01,1372.1509328002278,1417.6410845078206,1472.9595238530396,1422.0699470787574,42.605762785208434,D3_jeonse_crisis
2024-11-01,1382.3885407481107,1430.679097647837,1474.1215795067508,1429.1105284634073,41.15317795612459,D3_jeonse_crisis
2024-12-01,1381.7208390102367,1413.0030903009458,1464.9855828174784,1422.122818898308,43.22871156297377,D3_jeonse_crisis
2025-01-01,1352.303132541642,1406.1744327269548,1455.316483198609,1404.6507569980756,43.33690520377887,D3_jeonse_crisis
2025-02-01,1381.8414372585567,1428.8623457398612,1470.2236213544443,1428.901707387781,41.77742914803653,D3_jeonse_crisis
2025-03-01,1404.6249623475846,1449.3761047727528,1507.090254355307,1452.704043478468,39.38660509594321,D3_jeonse_crisis
2025-04-01,1429.7282342875815,1463.5229327010557,1518.3297513205896,1471.4182615728528,40.974196952705725,D3_jeonse_crisis
2025-05-01,1459.8061787603053,1497.9475879433073,1536.7673395514903,1498.6007223454833,32.71913724489582,D3_jeonse_crisis
2025-06-01,1475.4345096581,1519.1988090532943,1557.7827722519858,1518.2145861453446,36.50575357368219,D3_jeonse_crisis
2025-07-01,1486.6708412336527,1521.557464073198,1560.079075929562,1522.3750634727414,33.42063378746222,D3_jeonse_crisis
2025-08-01,1493.2809579068473,1531.0888898318622,1574.6794643584215,1532.8835244386846,43.11314101423037,D3_jeonse_crisis
2025-09-01,1482.373444298384,1526.3597966367627,1566.9708810352781,1528.467084654318,41.78481202198733,D3_jeonse_crisis
2025-10-01,1486.8926426457838,1515.8338570437315,1568.8871295131921,1522.9897426736309,35.89111759196325,D3_jeonse_crisis
2025-11-01,1468.6194048078012,1500.7153747867753,1540.6703395482436,1503.1449191908282,29.298552646686172,D3_jeonse_crisis
2025-12-01,1479.3955748568922,1512.2162458706243,1549.1506213252844,1512.8253957432046,26.415219128036046,D3_jeonse_crisis
2024-01-01,1352.1311792462075,1352.1311792462075,1352.1311792462075,1352.1311792462075,0.0,D4_transaction_cliff
2024-02-01,1333.410814593248,1384.208184384644,1425.3730980400132,1381.2751656824737,38.183397178651255,D4_transaction_cliff
2024-03-01,1315.818093426067,1360.3407873197948,1420.414985151465,1364.9643453289411,49.346314619886485,D4_transaction_cliff
2024-04-01,1289.9380237506057,1344.5776198396522,1391.634513380436,1344.0799562156233,41.559063017877826,D4_transaction_cliff
2024-05-01,1306.9718129047214,1354.7112431538958,1397.4730133983917,1353.4193715711297,46.386745734402936,D4_transaction_cliff
2024-06-01,1312.926240754002,1366.6980848392996,1422.0376658360783,1367.2912286706626,41.012765956161324,D4_transaction_cliff
2024-07-01,1288.58951179585,1342.2903827215346,1403.2096192836327,1344.7015278646497,44.50111476247235,D4_transaction_cliff
2024-08-01,1314.0211655566975,1343.709909947629,1380.3863423929217,1348.269353078013,31.820714237087117,D4_transaction_cliff
2024-09-01,1305.2381114430566,1342.5270733590585,1394.2591602550883,1345.9324067712066,37.72323127305512,D4_transaction_cliff
2024-10-01,1232.6829142902889,1281.1741609873698,1334.0266735901628,1280.1000428665568,39.16171104674259,D4_transaction_cliff
2024-11-01,1229.6558974426969,1272.9182362720555,1328.5030819650126,1277.8089598228871,42.29961805932204,D4_transaction_cliff
2024-12-01,1213.030823649044,1248.8755864946816,1298.1361114766628,1254.2893566306964,36.90627081948996,D4_transaction_cliff
2025-01-01,1181.2345836306242,1227.9377084988878,1286.770841489001,1232.5161581419086,49.13286666203119,D4_transaction_cliff
2025-02-01,1187.1746893180718,1233.116099625075,1278.2253912304548,1234.1024776581617,50.872535853250845,D4_transaction_cliff
2025-03-01,1190.7509728204907,1237.0448270667705,1292.373830418944,1239.6752625411025,41.08007909949553,D4_transaction_cliff
2025-04-01,1204.9138710397613,1237.768389763809,1280.283280896356,1241.457098900393,31.981945507620146,D4_transaction_cliff
2025-05-01,1197.0510299793132,1248.370270367102,1287.6783477112758,1247.0532620533304,36.82188456081537,D4_transaction_cliff
2025-06-01,1203.795572303019,1238.9263410810615,1283.545444705634,1240.9468151955268,34.092784942520176,D4_transaction_cliff
2025-07-01,1183.0597933303782,1233.9576867207115,1271.9414201994898,1232.2907236682329,35.15077976383202,D4_transaction_cliff
2025-08-01,1203.8746397356335,1240.7047407669497,1283.0799973973199,1242.993245520465,30.49607008267779,D4_transaction_cliff
2025-09-01,1178.8263183319734,1226.364242405762,1274.7554696267446,1225.0574944966074,36.90292989449227,D4_transaction_cliff
2025-10-01,1180.1323106211858,1217.4901097584288,1274.3869821662233,1222.263286441389,38.50626400788569,D4_transaction_cliff
2025-11-01,1110.4002374820195,1153.2298818474073,1207.8709437488506,1158.4316739257692,42.22163800986026,D4_transaction_cliff
2025-12-01,1117.2428867621275,1150.431266479458,1191.5719450877125,1153.3903892923843,30.564957651044036,D4_transaction_cliff
2024-01-01,1352.1311792462075,1352.1311792462075,1352.1311792462075,1352.1311792462075,0.0,E1_replay_2010_2014_stagnation
2024-02-01,1248.3045239582127,1324.5779147098383,1381.728143878878,1319.7833703900285,51.966962662905445,E1_replay_2010_2014_stagnation
2024-03-01,1204.2836012614716,1272.738817778041,1321.1101001689424,1269.4599419341273,50.269191657491206,E1_replay_2010_2014_stagnation
2024-04-01,1187.8179652366641,1259.4920105476463,1338.9340559984225,1262.7930851727233,55.01665256644398,E1_replay_2010_2014_stagnation
2024-05-01,1198.3515092382775,1254.334190617628,1335.6237764390962,1258.8202810063306,54.7623930523272,E1_replay_2010_2014_stagnation
2024-06-01,1160.793364555186,1239.7140999640694,1332.552400771877,1248.328506008847,64.41008834398212,E1_replay_2010_2014_stagnation
2024-07-01,1147.1179052131886,1222.6231249161303,1297.3321757071396,1224.6623000598406,70.28551816590277,E1_replay_2010_2014_stagnation
2024-08-01,1124.2802422909617,1202.605437215836,1285.8276381343169,1201.2597883527346,69.91133441138025,E1_replay_2010_2014_stagnation
2024-09-01,1133.4791923157488,1197.1432488838163,1249.200128205193,1193.8436974668377,50.34362636111635,E1_replay_2010_2014_stagnation
2024-10-01,1096.5366472869953,1173.0825930860974,1237.1819244558387,1170.2947443853052,61.31560867566373,E1_replay_2010_2014_stagnation
2024-11-01,1088.256743154675,1158.8071336922203,1237.0583848007896,1159.1217906620532,60.81600435873606,E1_replay_2010_2014_stagnation
2024-12-01,1073.258701654073,1137.2602844518105,1198.3994643534963,1136.1102282433037,50.23432302722833,E1_replay_2010_2014_stagnation
2025-01-01,1064.6660908974427,1124.7104335588183,1185.0933464355933,1129.7669708237183,52.36613052960806,E1_replay_2010_2014_stagnation
2025-02-01,1068.9168496485033,1128.6757299307214,1189.407063169338,1130.5454525057771,50.26091372708025,E1_replay_2010_2014_stagnation
2025-03-01,1058.0128230618793,1112.0381506445274,1187.3953232954168,1116.285536893863,57.29778383633662,E1_replay_2010_2014_stagnation
2025-04-01,1043.6717967689187,1127.8114965517102,1191.2158423886267,1122.1363463889832,55.892291187471095,E1_replay_2010_2014_stagnation
2025-05-01,1041.8829365563463,1103.130340157124,1153.3227898170435,1096.3852431608916,48.99077092394783,E1_replay_2010_2014_stagnation
2025-06-01,1035.5325986530454,1099.5916110117362,1184.882999171266,1104.0020142220171,58.40330275277084,E1_replay_2010_2014_stagnation
2025-07-01,1014.5981245675325,1081.430115390544,1149.5131143137946,1084.1084232537617,52.22679787687852,E1_replay_2010_2014_stagnation
2025-08-01,1019.4497027716628,1088.6743762733927,1136.1517350669274,1086.4662730933183,51.819018696241464,E1_replay_2010_2014_stagnation
2025-09-01,995.7486994803717,1074.1072549222208,1141.6229830372124,1069.4370299044697,59.73496463118686,E1_replay_2010_2014_stagnation
2025-10-01,981.7518217934565,1061.7882146688742,1123.1186969610942,1057.32156009667,51.2555035422375,E1_replay_2010_2014_stagnation
2025-11-01,968.2718283922474,1039.6852292632193,1098.1643918376242,1033.2418308815127,53.333181349450186,E1_replay_2010_2014_stagnation
2025-12-01,1045.4731389678889,1093.993761166145,1143.3654292451515,1094.8985110836375,40.1050438017085,E1_replay_2010_2014_stagnation
2024-01-01,1352.1311792462075,1352.1311792462075,1352.1311792462075,1352.1311792462075,0.0,E2_replay_2017_2019_regulate
2024-02-01,1400.3344444413362,1451.5025039388274,1493.582641792302,1449.338626862885,50.91029370362618,E2_replay_2017_2019_regulate
2024-03-01,1405.7009235820951,1480.552241882534,1523.9393887356484,1472.6092582599572,48.11918337620199,E2_replay_2017_2019_regulate
2024-04-01,1405.051267951306,1472.024105146416,1523.903932717605,1468.828795939708,50.66527139450873,E2_replay_2017_2019_regulate
2024-05-01,1421.6850834961756,1486.3853786676877,1547.4804656909885,1483.900300242177,58.80696650685598,E2_replay_2017_2019_regulate
2024-06-01,1415.9029601775094,1479.474896291238,1534.5701169092079,1476.0507458827824,47.98657912975052,E2_replay_2017_2019_regulate
2024-07-01,1408.1177081768833,1481.052513684535,1527.888512541978,1478.3773674051292,50.43030315177603,E2_replay_2017_2019_regulate
2024-08-01,1429.3316435376134,1482.3125950712888,1545.1648231766058,1484.7846332215306,46.215341618463846,E2_replay_2017_2019_regulate
2024-09-01,1439.1751050066882,1488.6236076138384,1538.2702549504284,1486.7455516813384,43.239017029540506,E2_replay_2017_2019_regulate
2024-10-01,1456.1471292442989,1503.5068724644145,1561.8658207874073,1506.873585505537,44.10854606128743,E2_replay_2017_2019_regulate
2024-11-01,1453.192709459258,1515.0828066643842,1575.9828512888123,1515.796025078797,47.696972698072855,E2_replay_2017_2019_regulate
2024-12-01,1475.281464314307,1526.8968761646024,1568.3051760472315,1524.0252380861366,35.761437717218875,E2_replay_2017_2019_regulate
2025-01-01,1477.0830966737876,1521.8930973214624,1579.0744530190943,1524.4594179640583,40.752712074629045,E2_replay_2017_2019_regulate
2025-02-01,1493.3774588709944,1546.539080129729,1596.6412814556656,1545.7960184897227,42.64508693294961,E2_replay_2017_2019_regulate
2025-03-01,1515.4729426605797,1563.3657485214035,1626.443106741357,1566.9345463035168,53.44943082384328,E2_replay_2017_2019_regulate
2025-04-01,1535.9649567642223,1581.4204848261593,1647.8124300208167,1587.2114352968479,45.183338854247054,E2_replay_2017_2019_regulate
2025-05-01,1545.0943094387133,1607.6916148041896,1665.2298386833265,1608.2805525487215,42.24022107592272,E2_replay_2017_2019_regulate
2025-06-01,1573.3205352614923,1619.1877717931718,1685.6730323825916,1628.2171067450251,44.375461532818846,E2_replay_2017_2019_regulate
2025-07-01,1589.2931139845668,1627.1644073786429,1692.3525862381346,1637.29649401722,44.54936610858339,E2_replay_2017_2019_regulate
2025-08-01,1605.5699920577188,1650.7980271643432,1711.5741868929388,1654.8437410470515,44.63888965654274,E2_replay_2017_2019_regulate
2025-09-01,1624.3399864647674,1685.4265936904635,1752.7503723318735,1686.4478831706767,52.61005155638217,E2_replay_2017_2019_regulate
2025-10-01,1654.434544184268,1697.4379190614575,1742.970318332118,1698.4596741028754,39.70839548907831,E2_replay_2017_2019_regulate
2025-11-01,1785.2135248878237,1837.7603175559234,1885.4566622318628,1835.2036529348552,39.44366779007249,E2_replay_2017_2019_regulate
2025-12-01,1827.4260859667954,1877.4522061272642,1924.7780205165511,1877.1081383394414,41.63947811342372,E2_replay_2017_2019_regulate
2024-01-01,1352.1311792462075,1352.1311792462075,1352.1311792462075,1352.1311792462075,0.0,E3_replay_2020_2021_boom
2024-02-01,1424.4465980469413,1471.8265428611958,1531.8267174019716,1473.1638443765032,50.173318603548864,E3_replay_2020_2021_boom
2024-03-01,1452.6896926996917,1512.7078110978991,1564.5561914205555,1510.3256222627701,52.349968385016595,E3_replay_2020_2021_boom
2024-04-01,1482.0508680086625,1534.9641652697924,1585.3539740834033,1538.5408974845327,43.86597630969072,E3_replay_2020_2021_boom
2024-05-01,1506.1372545935342,1565.841639761175,1636.3517907622593,1568.9697690034484,51.534024193263456,E3_replay_2020_2021_boom
2024-06-01,1542.0582075691996,1592.9864035858736,1642.498808935767,1591.484639941807,44.374765235100206,E3_replay_2020_2021_boom
2024-07-01,1555.1440990371746,1607.054279082671,1671.0693071939243,1608.880938657156,44.70587882913204,E3_replay_2020_2021_boom
2024-08-01,1590.7873024309504,1644.9368932366926,1699.4005575088918,1644.5883613752947,42.805347591857526,E3_replay_2020_2021_boom
2024-09-01,1635.5933931708387,1690.1683077602188,1754.1228716979442,1693.599020559515,47.05773506900888,E3_replay_2020_2021_boom
2024-10-01,1662.4189049063268,1716.5699375410097,1777.886620881304,1720.1661910191885,48.967526366144824,E3_replay_2020_2021_boom
2024-11-01,1696.1758847307717,1752.0571311398585,1802.8924455801648,1751.1968354514888,40.887614968035564,E3_replay_2020_2021_boom
2024-12-01,1723.009075748464,1767.5114114501937,1828.8924661511503,1772.8697418526501,44.606769489418916,E3_replay_2020_2021_boom
2025-01-01,1762.2644119191102,1809.082629160147,1862.0452103070854,1814.5273318879454,44.29733111977901,E3_replay_2020_2021_boom
2025-02-01,1800.4636911242358,1854.5086710328549,1911.203343155833,1855.5075910026153,45.80852856569334,E3_replay_2020_2021_boom
2025-03-01,1854.8877125266335,1898.8444043839488,1942.188874793371,1899.5912119576176,38.771453487888294,E3_replay_2020_2021_boom
2025-04-01,1900.3831807367553,1953.770139261349,1996.250488574149,1951.4739056275334,40.65292134254062,E3_replay_2020_2021_boom
2025-05-01,1954.3214421879898,1992.8285736801206,2038.9864671253602,1995.9181851159133,34.45438124109364,E3_replay_2020_2021_boom
2025-06-01,1999.8248024388768,2044.3253487866862,2081.0075255048127,2042.4516353645583,34.00638901697662,E3_replay_2020_2021_boom
2025-07-01,2033.2740009954982,2076.2194826315854,2123.2605541453936,2076.831789291286,33.966861905519856,E3_replay_2020_2021_boom
2025-08-01,2083.549406143831,2123.3020126118327,2170.4166935843537,2124.6438344912976,35.148462497887714,E3_replay_2020_2021_boom
2025-09-01,2145.361225023016,2189.2630145172657,2228.890190332184,2187.2836892414257,38.81355864263063,E3_replay_2020_2021_boom
2025-10-01,2194.9515200596047,2235.646027382695,2283.3173446169453,2239.919314917991,38.350339416093775,E3_replay_2020_2021_boom
2025-11-01,2355.0403853433563,2398.0317007745725,2447.3429502956437,2398.568461240952,43.28307945594899,E3_replay_2020_2021_boom
2025-12-01,2391.1852709456352,2428.9680174203104,2489.6700315894122,2435.9681211925317,39.73838957714124,E3_replay_2020_2021_boom
2024-01-01,1352.1311792462075,1352.1311792462075,1352.1311792462075,1352.1311792462075,0.0,E4_replay_2022_shock
2024-02-01,1341.8163910757432,1394.7114609103444,1451.8625777023865,1395.9270260947749,45.961078412551714,E4_replay_2022_shock
2024-03-01,1312.2615939131892,1376.3437183289393,1428.3360177276397,1374.7826277033676,50.14550207181884,E4_replay_2022_shock
2024-04-01,1256.0786273368517,1318.8239592979035,1385.0647797987922,1319.1018494651582,52.58833986121952,E4_replay_2022_shock
2024-05-01,1222.9112648210125,1284.6324009302261,1337.3738640184988,1281.0265051622243,50.18473386985023,E4_replay_2022_shock
2024-06-01,1172.7633818496533,1239.8603364860664,1297.070759191793,1237.6004282181589,53.65930641582957,E4_replay_2022_shock
2024-07-01,1117.4628869343567,1176.9346147091683,1236.3489585386192,1178.6523057336617,46.44508055942398,E4_replay_2022_shock
2024-08-01,1084.3763888812825,1140.567235607158,1191.6742184124662,1137.5350939633913,48.79403155498017,E4_replay_2022_shock
2024-09-01,1042.6991196770916,1098.3458699617258,1161.4976681263379,1101.560988327396,49.782603108352156,E4_replay_2022_shock
2024-10-01,995.354541465735,1051.8355717846125,1114.0998167809985,1049.953438547034,48.655525536932714,E4_replay_2022_shock
2024-11-01,961.666932519449,1012.8147979470225,1082.5667825275373,1016.4069151255228,47.13670657871387,E4_replay_2022_shock
2024-12-01,908.3493696587777,964.4176468167869,1028.2535116932004,964.8605768789575,47.0354562558615,E4_replay_2022_shock
2025-01-01,852.9088673612889,908.3442133571845,969.3872553405265,910.5181429341002,45.13924944020542,E4_replay_2022_shock
2025-02-01,868.8998194402751,924.048774756189,985.4587241135421,923.766699687488,46.543867442671676,E4_replay_2022_shock
2025-03-01,890.3527849105166,931.4408748538103,996.6520552583582,939.7807133805115,46.24319893364472,E4_replay_2022_shock
2025-04-01,898.4749095631378,954.1648780354104,1023.6262654258734,958.8669708586484,49.77118420341037,E4_replay_2022_shock
2025-05-01,903.5519272176649,963.480127877371,1023.5136977346463,963.5744833076466,49.16846726798909,E4_replay_2022_shock
2025-06-01,927.2289681241714,975.4976934952807,1037.2626036439945,979.1151748714078,43.882091972952,E4_replay_2022_shock
2025-07-01,912.9126564124861,975.1669503908361,1030.681771916614,974.9047686112992,48.514468830908946,E4_replay_2022_shock
2025-08-01,930.8400251455803,992.3527675951741,1051.151302333879,989.0034034806964,48.14311714504765,E4_replay_2022_shock
2025-09-01,952.1328805814799,1002.6449281323436,1054.6385268700406,1006.1337467319995,62.406615155030806,E4_replay_2022_shock
2025-10-01,943.2925228274946,998.5061516485894,1041.3961214596718,997.8517173431005,39.58481763103324,E4_replay_2022_shock
2025-11-01,1074.7855920571105,1123.595813075281,1181.6572938886175,1126.8453399879256,43.852382753997276,E4_replay_2022_shock
2025-12-01,1090.6436351376663,1140.3744371293699,1187.0372190031276,1142.0413984888983,39.74088876845599,E4_replay_2022_shock
2024-01-01,1352.1311792462075,1352.1311792462075,1352.1311792462075,1352.1311792462075,0.0,E5_replay_2023_2025_recovery
2024-02-01,1296.0757899643859,1351.091117223049,1399.4032707546023,1348.5602975738468,41.72103560693945,E5_replay_2023_2025_recovery
2024-03-01,1259.3644837823501,1319.2357618255248,1386.6063872103807,1320.4509475305476,51.29535115986446,E5_replay_2023_2025_recovery
2024-04-01,1279.6287455216536,1327.6307254847948,1398.6233464965057,1333.6896077685865,51.04520214429047,E5_replay_2023_2025_recovery
2024-05-01,1267.4039622340592,1340.7858809653515,1417.007459692752,1339.208349398562,58.56256705101556,E5_replay_2023_2025_recovery
2024-06-01,1285.9596269221438,1359.0950568604762,1411.0092143975514,1355.2114874817191,49.815399975957,E5_replay_2023_2025_recovery
2024-07-01,1290.9450820238847,1356.3940061949806,1408.5260007598936,1352.03096678324,49.10734975564581,E5_replay_2023_2025_recovery
2024-08-01,1297.0786744366683,1362.8344133166825,1414.0443128936217,1357.650798182026,47.35828249925829,E5_replay_2023_2025_recovery
2024-09-01,1315.046801948358,1371.0202445242621,1433.7596335260066,1369.9684488875175,58.40928702469243,E5_replay_2023_2025_recovery
2024-10-01,1280.5862463093245,1356.6890138174867,1411.6539342002857,1353.3907556966144,46.853859589640194,E5_replay_2023_2025_recovery
2024-11-01,1303.0158220920914,1367.3993842199866,1431.833242476611,1363.2239304214759,51.71010855977995,E5_replay_2023_2025_recovery
2024-12-01,1305.7948629123416,1360.2056876338202,1419.3014023158416,1362.9658468233645,42.69743131778728,E5_replay_2023_2025_recovery
2025-01-01,1277.4428251725988,1346.831980036879,1406.8861925957776,1344.3473041572174,52.81944593820173,E5_replay_2023_2025_recovery
2025-02-01,1303.7438204766754,1369.418637765492,1427.0193822819394,1364.9079752445523,49.10982269610802,E5_replay_2023_2025_recovery
2025-03-01,1331.5078195559834,1398.008914869502,1452.9040321091281,1396.3014984986203,49.42230257705275,E5_replay_2023_2025_recovery
2025-04-01,1362.2940573823214,1408.5124173524077,1466.4352455744706,1412.3452820136954,44.34167116053169,E5_replay_2023_2025_recovery
2025-05-01,1379.7111887913354,1435.8340332494217,1478.162897411218,1434.1009195930344,52.762138821961365,E5_replay_2023_2025_recovery
2025-06-01,1414.015996470645,1453.6253427022448,1516.0994521084174,1458.6606213139405,39.1967860918083,E5_replay_2023_2025_recovery
2025-07-01,1422.2233395948126,1476.003787627369,1528.819832679981,1474.1305217083138,47.70489973368208,E5_replay_2023_2025_recovery
2025-08-01,1429.8046610910746,1478.6966205487367,1553.0574216836796,1483.6822852904866,55.723158057003864,E5_replay_2023_2025_recovery
2025-09-01,1446.1036770637952,1498.7282240961142,1551.2444872355695,1498.0745973276948,43.88336189605661,E5_replay_2023_2025_recovery
2025-10-01,1443.6640487078128,1497.9282599765622,1550.3992649238312,1498.6211499196525,44.2136733174106,E5_replay_2023_2025_recovery
2025-11-01,1470.0501607278968,1513.5099633446516,1554.2506486960042,1514.0511367669274,39.58031907156,E5_replay_2023_2025_recovery
2025-12-01,1511.60951187607,1558.364003663832,1607.5489365547407,1557.6148784418415,38.7572851613888,E5_replay_2023_2025_recovery
2024-01-01,1352.1311792462075,1352.1311792462075,1352.1311792462075,1352.1311792462075,0.0,F1_inflation_grind_higher
2024-02-01,1351.7391513484947,1392.24727994348,1427.8353107091446,1391.7517708332446,39.8116048624831,F1_inflation_grind_higher
2024-03-01,1344.4491727959437,1387.620490177563,1432.796538556945,1387.3782587772207,41.797318676121535,F1_inflation_grind_higher
2024-04-01,1354.2618657803368,1401.86729340711,1444.927358120229,1403.3056230204047,42.413804387854874,F1_inflation_grind_higher
2024-05-01,1370.764880240994,1424.3387065680886,1478.471027639617,1424.355724664121,46.69413622590358,F1_inflation_grind_higher
2024-06-01,1409.4515386080213,1454.7093555237807,1501.7623284749109,1451.7174967042615,40.77965870564375,F1_inflation_grind_higher
2024-07-01,1409.0217098058756,1448.5203484047684,1512.7383287527223,1455.5731644272873,47.70554964290249,F1_inflation_grind_higher
2024-08-01,1423.7579372339953,1481.2080350798701,1536.2012498272709,1479.227341430303,48.598824327460605,F1_inflation_grind_higher
2024-09-01,1446.3729053985728,1488.9436939724749,1530.463382664987,1490.3952701657875,40.74652574162957,F1_inflation_grind_higher
2024-10-01,1396.2625703255462,1442.7899571256653,1486.4768971782682,1441.4657233020089,40.848285777191855,F1_inflation_grind_higher
2024-11-01,1402.1542593358092,1453.7829352129093,1509.6806107595921,1455.4560404754855,42.1231797860273,F1_inflation_grind_higher
2024-12-01,1393.7104341407944,1438.4550069800848,1498.8998554859509,1442.5879260253996,42.923313138604286,F1_inflation_grind_higher
2025-01-01,1384.7890802538764,1423.6465451411589,1477.6600587555597,1427.3121263257663,38.31569316530738,F1_inflation_grind_higher
2025-02-01,1396.284361031454,1444.7952798055876,1490.692916073091,1444.2616970060435,40.56315869156893,F1_inflation_grind_higher
2025-03-01,1427.559585635074,1478.2014767949172,1523.923074495681,1472.4024757834597,38.87881592821958,F1_inflation_grind_higher
2025-04-01,1447.445266670678,1489.8751999374688,1536.9495435586502,1491.0205848976643,38.367570692386586,F1_inflation_grind_higher
2025-05-01,1486.8283481080998,1524.4511108236125,1569.6132393932614,1526.21758208134,37.90435043106426,F1_inflation_grind_higher
2025-06-01,1486.200323495948,1538.2739705448869,1574.1332720674745,1533.9568423807304,38.94245607379585,F1_inflation_grind_higher
2025-07-01,1504.6998484021515,1534.05979136848,1583.0308990523902,1537.3529749427698,37.20310005397746,F1_inflation_grind_higher
2025-08-01,1509.2917857605016,1549.1657541588215,1578.34232244247,1548.4721170605385,31.36810716776288,F1_inflation_grind_higher
2025-09-01,1519.4870302607487,1553.3918212018243,1590.7668771410256,1554.6334091648791,32.79906766326929,F1_inflation_grind_higher
2025-10-01,1503.1480430298036,1549.4935943207988,1593.046410422929,1550.6570961014677,38.949196588571475,F1_inflation_grind_higher
2025-11-01,1479.9886996434755,1520.3158650687642,1562.9947183925797,1520.21390998669,35.67845515504282,F1_inflation_grind_higher
2025-12-01,1468.6234975581563,1504.4134107102795,1560.207072359787,1506.233565971509,36.80285770406129,F1_inflation_grind_higher
2024-01-01,1352.1311792462075,1352.1311792462075,1352.1311792462075,1352.1311792462075,0.0,F2_inflation_grind_low
2024-02-01,1344.8870137748577,1389.4655886507064,1430.3590566110033,1389.5106795700433,32.34922450743224,F2_inflation_grind_low
2024-03-01,1344.2428801807566,1384.689738099724,1432.8703266215032,1384.8750748172074,37.89651871015026,F2_inflation_grind_low
2024-04-01,1348.3286218945498,1388.6620484126354,1437.318574980271,1390.0473970198457,38.225009497037824,F2_inflation_grind_low
2024-05-01,1365.5963398799547,1406.955915020484,1461.7166195676384,1412.7143999803418,41.41151125441347,F2_inflation_grind_low
2024-06-01,1386.4633978233444,1433.1068184644491,1484.999871500808,1434.5889319457583,39.43446419548689,F2_inflation_grind_low
2024-07-01,1389.4416759922647,1430.2778916810764,1494.0579820901291,1436.4737965981508,41.756691246358955,F2_inflation_grind_low
2024-08-01,1402.1691303164052,1454.9604653554215,1505.8303211452112,1453.9141307045722,42.18383992124007,F2_inflation_grind_low
2024-09-01,1418.0596768825558,1463.0886098025571,1508.510564788262,1464.8169129419964,37.04992701625866,F2_inflation_grind_low
2024-10-01,1356.526317971416,1412.5658439035005,1468.0233350939957,1412.7529364450913,43.8375126902723,F2_inflation_grind_low
2024-11-01,1377.2904223181954,1421.6445868182182,1468.1987452686178,1421.5694711044184,39.78302967048386,F2_inflation_grind_low
2024-12-01,1366.7677522728738,1406.6176939509612,1461.266550005327,1410.266832877612,40.01199851712631,F2_inflation_grind_low
2025-01-01,1358.3639315529647,1386.381370945362,1432.8633457770186,1390.8129295389074,32.61130837541798,F2_inflation_grind_low
2025-02-01,1354.6517336965255,1401.4814234942596,1448.9014448985538,1401.3873637658876,36.31517493525161,F2_inflation_grind_low
2025-03-01,1394.721250499741,1436.2943423541885,1480.2215035232603,1436.289119603955,40.61147558904363,F2_inflation_grind_low
2025-04-01,1398.611994511496,1441.000049842599,1499.8009659974018,1447.8348393209524,41.949638380992596,F2_inflation_grind_low
2025-05-01,1429.9720504506527,1466.5723278990536,1514.89240043858,1468.4190743233005,38.615230307234185,F2_inflation_grind_low
2025-06-01,1435.6022523803274,1474.934809779078,1518.8234619826287,1477.9162829156921,36.68128391485158,F2_inflation_grind_low
2025-07-01,1431.0573042148374,1483.44146647887,1520.6146776527198,1480.0878000145517,34.89552746158703,F2_inflation_grind_low
2025-08-01,1440.2823498740506,1493.3978946815132,1536.4168221244963,1490.5931672003526,41.46123526975403,F2_inflation_grind_low
2025-09-01,1447.2450692680634,1487.6364482804954,1551.9735925455693,1490.3598052565958,42.994538145829026,F2_inflation_grind_low
2025-10-01,1447.363103822585,1472.2519380657002,1520.812810146222,1479.22895451674,35.069815214617044,F2_inflation_grind_low
2025-11-01,1386.3849220439322,1431.8219518073672,1487.161378087342,1435.9213660587598,40.59697296615218,F2_inflation_grind_low
2025-12-01,1388.3746388328445,1429.0639262272848,1470.7261067450795,1429.2244410083777,32.99799414138652,F2_inflation_grind_low
2024-01-01,1352.1311792462075,1352.1311792462075,1352.1311792462075,1352.1311792462075,0.0,F3_demographic_decline
2024-02-01,1334.3520244107347,1380.9071727665228,1437.5090712386848,1382.4228446048055,42.86317196303929,F3_demographic_decline
2024-03-01,1310.5396157157597,1364.0369018998758,1415.5412776381704,1362.707255527499,41.449698671925084,F3_demographic_decline
2024-04-01,1300.2474625957354,1351.26590671126,1406.9741294151002,1352.596979487923,40.75641437996179,F3_demographic_decline
2024-05-01,1312.2339689999924,1366.1100094448357,1407.5962398054935,1362.2958940148353,45.58522805043438,F3_demographic_decline
2024-06-01,1330.417143627143,1382.0436153776145,1431.4129283752984,1380.9210249523314,43.06194169390003,F3_demographic_decline
2024-07-01,1322.0003645675738,1365.8386571567767,1419.9921071827412,1367.028517602019,39.583308697174594,F3_demographic_decline
2024-08-01,1329.229120298581,1368.6795427457191,1421.791608541276,1370.5099585056191,37.14144203215678,F3_demographic_decline
2024-09-01,1338.8985457020951,1375.7437892291346,1417.9864220506895,1376.3373622703068,36.567934773527604,F3_demographic_decline
2024-10-01,1270.49516530773,1322.2781074761974,1366.5136620299065,1322.6842980581212,42.397820486842654,F3_demographic_decline
2024-11-01,1270.0564926630686,1324.7938081677607,1366.1221060601363,1319.5266693545004,39.35231095620783,F3_demographic_decline
2024-12-01,1248.5252328259846,1300.856488996963,1340.7855328154421,1296.180757189618,39.275188745148505,F3_demographic_decline
2025-01-01,1214.6901602332337,1270.8288563449175,1312.541520626715,1269.9109502321198,37.073612451391156,F3_demographic_decline
2025-02-01,1227.2035432325963,1277.2490871708087,1327.5887021380759,1274.4957565179263,42.96417344226144,F3_demographic_decline
2025-03-01,1235.2491611991272,1285.9932388108543,1329.4612945580423,1283.3049467760002,37.83959490515913,F3_demographic_decline
2025-04-01,1251.6098717587824,1297.749910226456,1331.2141504758108,1294.5273401539923,35.71196383851228,F3_demographic_decline
2025-05-01,1270.5846865714645,1309.3291244847696,1355.2140354126996,1310.0942430038265,33.195233203591556,F3_demographic_decline
2025-06-01,1278.6973166971404,1312.140592584404,1353.5167322985158,1312.4436943721812,30.736520770548427,F3_demographic_decline
2025-07-01,1258.383389113383,1300.9306607330577,1344.5537624690635,1301.8762725341799,35.084854999965614,F3_demographic_decline
2025-08-01,1262.6218433067581,1299.9047802024122,1352.070896171197,1304.544931659341,36.07638903235175,F3_demographic_decline
2025-09-01,1230.9462721186248,1284.2862569285353,1335.4080034320418,1283.1232235306538,38.54596189999278,F3_demographic_decline
2025-10-01,1221.0512880523759,1267.2581698225986,1300.1965347086793,1264.469893863592,34.17831529224749,F3_demographic_decline
2025-11-01,1178.9073339123058,1231.5529609916214,1270.8801743120678,1227.7022692864398,41.55490873592232,F3_demographic_decline
2025-12-01,1161.9158491906614,1192.1923100509252,1232.1417952981028,1196.1691276472543,37.43042027941146,F3_demographic_decline
2024-01-01,1352.1311792462075,1352.1311792462075,1352.1311792462075,1352.1311792462075,0.0,F4_secular_low_rate
2024-02-01,1353.3143861668304,1400.034817214756,1446.2717714171686,1400.907505484005,39.02963294602584,F4_secular_low_rate
2024-03-01,1352.659603952168,1403.7856750019685,1459.8772807735363,1404.8723979337328,43.73556762184919,F4_secular_low_rate
2024-04-01,1378.9093999931881,1420.888933832608,1471.1237340433765,1422.5439116467471,34.69703691970648,F4_secular_low_rate
2024-05-01,1406.2765074609322,1453.6472019502762,1491.2482347141622,1451.1495084150374,40.40217187067658,F4_secular_low_rate
2024-06-01,1454.803186532472,1493.6164790667804,1540.071192233233,1494.3395711408284,36.22578531882234,F4_secular_low_rate
2024-07-01,1442.2202447150864,1491.1547621099521,1546.3121511376141,1492.8478913950405,43.07096663867992,F4_secular_low_rate
2024-08-01,1471.99660221389,1508.3232712238073,1556.7530544366953,1512.324650888727,36.524015013962746,F4_secular_low_rate
2024-09-01,1489.5573197127019,1525.4351251769576,1572.3823621247218,1528.8989738952178,39.625943300959854,F4_secular_low_rate
2024-10-01,1459.9371607758985,1499.9289062832677,1549.693491088877,1501.7084482423345,34.99354036360002,F4_secular_low_rate
2024-11-01,1468.1316562117029,1518.631968798645,1572.033810233321,1517.9533733715173,38.373962672396814,F4_secular_low_rate
2024-12-01,1465.7541907434704,1516.4863730313057,1555.9023646409635,1515.685686106534,39.90832188261279,F4_secular_low_rate
2025-01-01,1437.522320931303,1502.1390332885337,1545.8946591374201,1499.8317080117329,40.35534934280012,F4_secular_low_rate
2025-02-01,1491.1816031779283,1525.6133924723335,1574.6809249355313,1529.5154510970135,34.74543802923255,F4_secular_low_rate
2025-03-01,1511.8050099321001,1565.5709691356742,1597.3159059668992,1560.5427698758604,36.977750174444914,F4_secular_low_rate
2025-04-01,1549.2620588667098,1589.4611526371773,1630.3706250868204,1587.5637305812809,42.03639139025097,F4_secular_low_rate
2025-05-01,1579.5890307499767,1613.8418921765947,1650.6544598908133,1612.4159758357882,34.27250532273171,F4_secular_low_rate
2025-06-01,1594.014959849964,1635.7076981122336,1679.5599744670524,1638.7329898693602,38.562065755860374,F4_secular_low_rate
2025-07-01,1610.2820904365994,1644.1302804216116,1699.253184061188,1650.5475117242336,36.50636075099177,F4_secular_low_rate
2025-08-01,1628.4330529620825,1667.4792083945192,1727.4927845142736,1674.0403240677138,40.41728617153792,F4_secular_low_rate
2025-09-01,1626.5410019889596,1679.4710389969532,1750.942922819886,1687.326614585102,50.941893033002216,F4_secular_low_rate
2025-10-01,1639.7416214941904,1678.123672209537,1734.945072913803,1682.5806448016497,36.975027722881975,F4_secular_low_rate
2025-11-01,1616.2932368908027,1668.1958339318417,1722.9544486264808,1667.7670119965594,41.008513232950655,F4_secular_low_rate
2025-12-01,1611.4944444293299,1654.238024868404,1699.0996887017977,1655.113348214068,34.02537634618681,F4_secular_low_rate
2024-01-01,1352.1311792462075,1352.1311792462075,1352.1311792462075,1352.1311792462075,0.0,F5_secular_high_rate
2024-02-01,1329.855296183655,1376.2887068683137,1419.3767616853283,1375.2629468248829,41.13754687644926,F5_secular_high_rate
2024-03-01,1315.9529093334233,1361.03106947244,1412.7867796023256,1364.4759166158349,35.318985578361776,F5_secular_high_rate
2024-04-01,1302.0239665563277,1355.9340818489227,1416.4417016427276,1357.200195717279,42.11884419776186,F5_secular_high_rate
2024-05-01,1325.959648175822,1374.8606319966182,1423.1868085608182,1375.669188410581,39.515384012924656,F5_secular_high_rate
2024-06-01,1339.8437718630735,1388.4031884770031,1443.0289959599284,1389.4904600655918,43.167635647606204,F5_secular_high_rate
2024-07-01,1323.3411610837577,1369.146681129297,1434.1102196539437,1372.1760712358089,44.424415616159266,F5_secular_high_rate
2024-08-01,1330.5083959583828,1369.9350131795582,1427.8468776704008,1371.8751706032062,41.90506159272067,F5_secular_high_rate
2024-09-01,1334.8072389874499,1374.795897212694,1421.6406693123795,1376.285494237658,37.20077045871823,F5_secular_high_rate
2024-10-01,1279.166310448575,1325.3576184911312,1377.4336723504155,1327.533959534004,40.767403252625705,F5_secular_high_rate
2024-11-01,1280.0575580579518,1325.8568348807203,1374.253841644325,1324.2892004867565,37.56436463589111,F5_secular_high_rate
2024-12-01,1259.7002136181136,1307.4144358442832,1366.2825766856113,1308.7757061903442,37.99548063804254,F5_secular_high_rate
2025-01-01,1238.6640397394256,1281.7894932290296,1340.9390046838228,1284.8568480176916,43.73605941418962,F5_secular_high_rate
2025-02-01,1241.7623644041705,1285.5191753179397,1333.7393694605203,1285.672899112938,38.10543209602561,F5_secular_high_rate
2025-03-01,1248.0070054094904,1296.8804581039012,1340.2337036366214,1294.6641559677882,38.28841104995031,F5_secular_high_rate
2025-04-01,1243.313012431635,1293.2538022773842,1331.0015836948537,1290.2430958473808,35.402902075741416,F5_secular_high_rate
2025-05-01,1243.4904296521763,1285.6849921037679,1333.2715207672452,1285.6961294563982,38.57698262467198,F5_secular_high_rate
2025-06-01,1248.297185851619,1297.245201699815,1347.1528379446797,1296.5363523186556,40.55173352687643,F5_secular_high_rate
2025-07-01,1226.916485433134,1272.7908718562726,1321.4149417540377,1274.0047101143077,40.72449746305438,F5_secular_high_rate
2025-08-01,1232.0896849469736,1272.5688885535446,1317.7906766752874,1272.8999522293873,37.33322758459194,F5_secular_high_rate
2025-09-01,1209.8755871346962,1262.1567503309252,1306.704225248089,1260.6086447716477,44.017193528815696,F5_secular_high_rate
2025-10-01,1211.554454597687,1248.0311974968172,1294.7942189301514,1252.757750341393,38.34689214023235,F5_secular_high_rate
2025-11-01,1137.1895456356822,1181.9343790011417,1231.8464282019027,1186.0216847110164,39.499283904663805,F5_secular_high_rate
2025-12-01,1150.0771808054703,1187.241560424361,1239.8096447581863,1190.4212768577163,33.599702994904725,F5_secular_high_rate
2024-01-01,1352.1311792462075,1352.1311792462075,1352.1311792462075,1352.1311792462075,0.0,F6_japan_lost_decade
2024-02-01,1244.2590601786137,1317.0884842618366,1370.062413580686,1311.3159062235331,50.408300599927315,F6_japan_lost_decade
2024-03-01,1196.2753736081986,1261.075889528734,1321.7097643481372,1261.2471441484324,51.10509006090177,F6_japan_lost_decade
2024-04-01,1170.8129513645447,1242.5634467629793,1302.2390663616486,1243.6183731107155,58.509707432945696,F6_japan_lost_decade
2024-05-01,1155.8604125545269,1233.7322957080546,1304.8218174060619,1230.2409086213445,59.842133290774086,F6_japan_lost_decade
2024-06-01,1134.8501945480284,1224.9538697294406,1300.952183408603,1220.5254159353476,65.95472480051204,F6_japan_lost_decade
2024-07-01,1117.6611620922513,1200.0056733914669,1270.4471291909908,1196.8671347179643,64.47779913611231,F6_japan_lost_decade
2024-08-01,1092.4633420100124,1183.373026139126,1263.0502195000404,1180.665001527776,77.93405461714573,F6_japan_lost_decade
2024-09-01,1089.7072292721616,1158.1081510065503,1227.2936797460443,1160.051104195768,54.239254434768576,F6_japan_lost_decade
2024-10-01,1062.8800094194426,1138.5370077180257,1193.3424162514284,1134.0459947720142,48.89041775998426,F6_japan_lost_decade
2024-11-01,1058.8367599327867,1128.757364667928,1186.3185021527825,1123.9283165492034,55.42478297011072,F6_japan_lost_decade
2024-12-01,1034.0576473516942,1103.2929238922775,1156.6690804564128,1098.9951741018904,52.285108523724666,F6_japan_lost_decade
2025-01-01,1018.7737623483608,1077.2180811936314,1147.6799229307205,1076.935531252503,51.46771607719038,F6_japan_lost_decade
2025-02-01,1001.862123645447,1070.7145541596105,1137.5391496134375,1070.6161102554895,58.13620221383964,F6_japan_lost_decade
2025-03-01,985.3162057722917,1061.6356426431712,1118.144569953704,1058.7403606862663,52.041365292734326,F6_japan_lost_decade
2025-04-01,995.6873139612655,1055.952547073607,1113.875702599304,1053.1815022401533,51.14647329394929,F6_japan_lost_decade
2025-05-01,1003.061295086023,1052.9005333360756,1115.2779865931498,1053.6195353373807,52.908066403260044,F6_japan_lost_decade
2025-06-01,998.7632137868163,1050.9070223199765,1115.5090737316589,1054.1490305602572,44.89607136471924,F6_japan_lost_decade
2025-07-01,978.2872913271174,1044.020679036969,1095.8287304730343,1035.538931529991,57.274300608191204,F6_japan_lost_decade
2025-08-01,989.5981694442917,1042.3481668807751,1093.2782883927514,1046.4071464362125,50.95292706523606,F6_japan_lost_decade
2025-09-01,946.2486895431728,1012.8431990068606,1060.8763391224586,1006.814207939087,48.083875807378156,F6_japan_lost_decade
2025-10-01,954.3750827719849,1009.3078737885479,1067.2062163128678,1011.7811281821652,51.29628950705455,F6_japan_lost_decade
2025-11-01,949.306843172885,1008.3530028619928,1067.2460662761732,1009.4835025607872,51.002835505985736,F6_japan_lost_decade
2025-12-01,964.0001759124507,1007.0480217601543,1052.098043191901,1008.9100148905916,36.111580657112526,F6_japan_lost_decade
2024-01-01,1352.1311792462075,1352.1311792462075,1352.1311792462075,1352.1311792462075,0.0,F7_korea_1986_1991_boom
2024-02-01,1307.181721997153,1354.2700399786734,1413.2402238414136,1355.58186015363,41.978829098363505,F7_korea_1986_1991_boom
2024-03-01,1298.241610376679,1366.649532928889,1408.5263028324264,1360.5715517491292,45.35581617968751,F7_korea_1986_1991_boom
2024-04-01,1322.767079316715,1390.0546584583335,1460.1664136887878,1383.3712373174462,56.8686799291375,F7_korea_1986_1991_boom
2024-05-01,1354.5019256786627,1416.8363770694664,1478.777374692359,1414.3721376337066,59.932536617095515,F7_korea_1986_1991_boom
2024-06-01,1390.1727020686465,1449.810624377186,1514.2560920372864,1448.9856725905722,52.33937495090673,F7_korea_1986_1991_boom
2024-07-01,1400.044393630024,1468.5509347423458,1527.7665742283843,1464.6349324185298,47.22473641095906,F7_korea_1986_1991_boom
2024-08-01,1439.4930690284607,1506.132385231046,1554.9481967457743,1501.689013327623,44.48473583693056,F7_korea_1986_1991_boom
2024-09-01,1474.6902223194993,1551.3502609455777,1595.8830786793033,1544.7137502218593,45.123301397190005,F7_korea_1986_1991_boom
2024-10-01,1497.353582657133,1557.266903698604,1604.2876301878016,1553.6321471802285,46.659343358986135,F7_korea_1986_1991_boom
2024-11-01,1535.486848179166,1591.6926932648967,1647.2282049889461,1595.1800940190683,46.565795358628925,F7_korea_1986_1991_boom
2024-12-01,1556.4006724894443,1611.8782425352156,1683.9661320191806,1616.4622566221763,55.34003219823653,F7_korea_1986_1991_boom
2025-01-01,1572.1426219005557,1630.200163783949,1691.9076772901778,1633.9315042188962,47.53689988081569,F7_korea_1986_1991_boom
2025-02-01,1619.75667354217,1676.5059630483245,1738.7068021357163,1681.7479649424731,53.3407434504103,F7_korea_1986_1991_boom
2025-03-01,1678.877516845685,1735.5286660500549,1782.6987008389297,1733.3876242808997,42.07240069037314,F7_korea_1986_1991_boom
2025-04-01,1731.5422741040284,1779.4926346159878,1820.874598077523,1779.774205749955,38.58998637941112,F7_korea_1986_1991_boom
2025-05-01,1794.456715663125,1825.4995861988511,1873.3575680816225,1831.6911029899604,37.7470682974049,F7_korea_1986_1991_boom
2025-06-01,1833.5180518149673,1884.5762336954328,1925.2907686150406,1886.6788706154812,38.235552837655916,F7_korea_1986_1991_boom
2025-07-01,1875.5420160840456,1935.7892362101707,1983.7290044993454,1932.6175068319658,47.376117292800245,F7_korea_1986_1991_boom
2025-08-01,1933.220543373218,1986.3951269845024,2031.9467863810894,1984.998713962583,38.4034342481203,F7_korea_1986_1991_boom
2025-09-01,1982.8574557024258,2029.5663253137873,2068.147687012903,2024.9292056478503,37.73116832218685,F7_korea_1986_1991_boom
2025-10-01,2014.4443121887998,2066.070868116499,2122.2943076536267,2065.6741837300447,44.985979931390716,F7_korea_1986_1991_boom
2025-11-01,2046.3760845757138,2098.401527699758,2159.6125554518035,2102.4618460963543,42.32679257577881,F7_korea_1986_1991_boom
2025-12-01,2128.147645458993,2166.987261011876,2209.931687375901,2167.0065160589525,39.94572561216003,F7_korea_1986_1991_boom
