ecos__base_rate,ecos__cd_91d_rate,ecos__cpi_housing,ecos__mortgage_rate_new,ecos__unemployment_rate,reb__apt_jeonse_avg_price,reb__apt_jeonse_supply_demand,reb__apt_monthly_rent_supply_demand,reb__apt_sale_avg_price,reb__apt_sale_index,reb__apt_sale_supply_demand,policy__dsr_regime,policy__dti_regime,policy__ltv_regime,policy__real_estate_policy_regime,policy__capital_gains_tax_regime,policy__adjustment_target_area_regime,policy__comprehensive_real_estate_tax_regime,policy__acquisition_tax_regime,policy__speculative_overheated_district_regime,policy__speculative_zone_regime
-0.03687673747417397,0.006127910849765484,0.031011653358633956,-0.03472032882864577,-0.30200505393371707,-2.559981866731936,-0.21637265595117336,0.23757629098234645,-68.30950962069895,0.6932864939940238,1.7359115751003267,-0.014225687641015117,-0.02984746328084742,-0.023835036497953155,-0.04356740938219561,-0.08948179749737084,-0.0008547184360905008,0.037394127439824176,0.01977710056685169,0.09712338713364466,0.09712338713364765
-0.03687673747417397,-0.04387208915023434,-0.05198834664136445,-0.18472032882864614,-0.40200505393371805,-2.559981866731936,-0.21637265595117336,0.23757629098234645,-38.704573120698946,-0.13339845600597688,1.7359115751003267,-0.014225687641015117,-0.029847463280847197,-0.023835036497953155,-0.04356740938219561,-0.08948179749737084,-0.0008547184360905008,0.037394127439824176,0.01977710056685169,0.09712338713364466,0.09712338713364765
-0.016881542164465697,-0.18911255767997967,-0.00045105469176707005,-0.13459214907764344,-0.08282059943179272,-2.80082101081051,-0.9260525685444332,0.2649534813010348,-40.87808162891745,-1.3883978837975826,0.511133878646276,-0.00772867766895234,0.0022395722832686538,0.08167014758308966,-0.01205164709125095,0.04470823517539091,0.009868801015370184,0.07775307954168675,0.003425886927072779,0.13318852584778818,0.13318852584778962
0.015458715462801163,0.06531031212256916,0.12355809740682569,-0.09150842551428046,-0.3276143125586279,1.6760582699163638,-2.9762317935708698,-0.39342721829152083,-13.89358815459321,-1.507987084778014,-2.2157405111584083,0.03739083612629687,0.0391263958921495,0.2268455303551309,0.05158818949668098,0.30214655182486383,0.0190610410939924,0.17757736354106757,-0.09544032142000297,0.3342281034101887,0.33422810341019005
-0.02342360562758989,0.05925005898455016,-0.019550829462937597,0.0013409024892243049,0.2793211105085382,-2.0962125112384733,-1.2959707585530031,0.061155087461116864,-11.57942530009975,-0.457197966458701,-1.1865754794525936,-0.0017376888777729388,0.04066408452076664,0.22428541777877475,0.024559520880862662,0.19951204577372494,0.012128563054080048,0.08409041856677146,-0.017026643642803006,0.19358005588070548,0.1935800558807046
0.1824177743866208,0.14451114798378284,-0.09739253616521179,0.16330143038398975,0.3376411908660311,6.142017356145152,-1.258190494296028,-0.27435074201906673,-7.0872533970259655,-1.2752582565154391,-1.856845186774548,-0.012673988772616107,0.06601779847309386,0.24748423610330494,0.0833690878451725,0.1660333835172978,0.024604019248500288,0.03234239786981341,0.023776386674621612,0.20423929814092556,0.20423929814092534
-0.04710020814121063,-0.07621597216565218,-0.26534492799743803,0.06971020580652248,-0.37565460968536135,5.992993143332987,1.0808665474410595,0.037406565482953624,15.270850288643473,0.4483478718206222,-0.40421429308811774,-0.0004528414982488682,0.04763621671624252,0.10005377357378098,0.0538338604780102,0.11777978391378796,0.004981620364851267,-0.056635100873940525,-0.009534798633224116,0.19368262772535472,0.19368262772535516
-0.06785241407191875,-0.040926566609638795,0.19157578913274848,-0.022779201733155292,0.0988386755074726,-5.724086112778986,0.5212848286045874,-0.01300556280109788,-5.176963551876895,1.3019020415906404,0.49246865607850077,-0.0044321307774417285,-0.009585567478198165,0.0741150497015215,-0.03893479773781128,-0.02305831677565129,-0.01334846787117763,0.01499254659651239,-0.018950886376632912,0.14233335757657495,0.1423333575765755
-0.07429894304935142,-0.04011506545083175,-0.2150014770968387,-0.048971608356933614,0.0541111990203874,2.3518816929869737,-0.4279515240005183,-0.28912043100316964,33.94723905363432,0.2844352748875482,0.2550344468280764,-0.015376386344911813,-0.003702332120850471,0.09386743395761288,-0.010303545180189166,0.03537854588299605,-0.01034673453863021,-0.012280202369126636,0.016734163484268684,0.1727895949717777,0.1727895949717787
0.19010341389083726,0.05907051128699954,-0.510107885507217,-0.0412898039047637,-0.3025607157990904,-0.4670659148880618,-0.8639123924182832,-0.2995865792891408,43.69480067885038,0.7298686550194766,-1.1003158390529082,-0.005457451112388891,0.02907328844903878,0.12984026842884022,0.027007384589483374,0.03349840363001455,0.00846465853869395,0.024291068392895854,-0.005521566100255854,0.14719115258802173,0.14719115258802118
-0.0013456820998663972,0.009345138040697726,0.009791326799849398,0.061277483244533325,0.4963029189212768,-4.474275014866961,-0.030803745566829327,-0.10773361171951024,-3.3378282572797,0.35719179920930366,-0.8527898330480813,0.005528099979556098,0.028834888330771413,-0.10599833756677945,0.02470914759827325,-0.1548908540130819,0.013126790564544147,-0.049204996605066276,-0.03505265253618391,-0.010100532184726063,-0.010100532184728284
0.1525996261364965,0.07518867648526241,0.4869972340155361,0.11369339126240288,0.22561351445626884,5.6992342735265655,-0.5911019839647733,-0.49608159503264915,-13.915617713330242,0.8180653162174549,-0.762449480140098,-0.023255514256437293,0.02690614891934673,0.11991063275282032,0.039441145926173204,0.0002014520065727332,0.004514744998913419,-0.04292093102746586,0.04221647466232994,0.1427840667902316,0.1427840667902317
-0.037851350932147365,0.05061000117416281,-0.026161533299355888,-0.017908146368263836,0.44532621005098116,1.3118885854630284,1.2830041194642199,-0.09305381282293013,-1.601898701561474,1.284758110855294,2.096987311828097,-0.006364942574744097,-0.0442821337711623,-0.15185210475063604,-0.06165128718589308,-0.10248215713831577,-0.03354981598518965,-0.11355621224783563,-0.01074750373468427,0.10263901624922989,0.10263901624923166
0.12480312063801846,0.11174274403910547,-0.01722780298955151,-0.016878942517570536,0.083207513200028,5.915774052133768,1.0337744266392948,0.041554818931714976,15.376569513422474,0.3838221695347084,1.2929484301566634,-0.052089482194063425,0.006137393707838723,0.09490481778458126,0.0030936487928416856,-0.059563517440327174,-0.004229064735957559,-0.0959320256829781,0.10953490922651057,0.09000147060906605,0.09000147060906749
-0.052591988861052576,-0.09689455185291179,-0.17037302169540097,-0.04458373387673502,-0.36376939175867584,2.213037181243116,2.0348577332802744,0.43120164505785397,19.68126531923731,0.4798086695961763,1.603925871403448,-0.026388141744345284,0.009003505610898355,-0.020756263907273365,-0.00720224069502251,-0.04021156217984767,-0.007464318977743741,-0.11202003959586981,0.04349919497507198,0.06714063584230345,0.06714063584230423
-0.060606129660452666,0.017406141354228744,0.39710168592690875,0.05491443253313278,-0.3646350279283726,-4.829008288137124,0.32037202019923605,0.12849969112362203,5.797055240379489,0.20702963370813232,0.4831111280382656,-0.01175032387858177,-0.000238038125317086,0.10017747766028151,-0.028946509442393964,0.009618596143088354,-0.0069882806821911945,0.019374392472946145,0.0005269960713350334,0.13037343385863887,0.1303734338586392
0.1840396664086686,0.009165136004208319,-0.04624028564394622,-0.016793768422411252,0.018978547497522227,-4.710319509049793,0.603739337612612,0.13348685752833944,13.209593079963476,0.4782767338423237,1.0251267928043089,-0.013607541662929878,-0.016812727535743033,0.1177604534835428,-0.0578782634818521,0.06703551199373714,-0.02359132408337729,0.005080949303574611,-0.0021781502801927095,0.16835400346258556,0.1683540034625859
-0.019187377784751845,-0.024108341905708375,-0.23419446752530987,0.039137281180580887,0.07050544811027004,2.8820272964819966,0.368944602105885,-0.046651249986439325,39.59424731007143,0.3140716678712289,-0.3421689077661435,0.005791423798945137,0.029145504573921288,0.037957272144257814,0.027243853271737173,0.08714794927188252,-0.0008425115310140349,-0.041603396746028976,-0.030749396036334857,0.16392965100560986,0.16392965100560986
-0.08332513874114533,-0.05350062248930587,0.06903370355018246,0.06888861782484731,-0.2567753675442002,-0.3813869123182161,-0.25636535348648093,-0.3009909017235657,-30.82978681110494,0.22924406791605514,-1.18282262239272,-0.01247340790593679,0.03634846556548843,0.16643211165454197,0.028649062922010637,0.042849206237898896,0.0037280855295962066,-0.007105292060490265,0.006573000634418607,0.1461539323698522,0.14615393236985086
-0.05456145972442742,-0.05656494253401845,-0.10036542343197818,0.0368325303899048,0.10460140065225292,-3.023933818221595,0.06215892276145915,-0.07875609275339457,15.138636299456955,0.6339012034048719,1.3455172725240463,-0.0015162640084286777,-0.037209722503605214,0.0026822745469220477,-0.05694887609379917,-0.04621218921494985,-0.017978867658732006,0.025089309054856512,-0.01870625714342427,0.1639187546654991,0.16391875466550165
-0.06499163574989508,-0.03200009472747006,0.4028722559949841,0.022889370915901118,-0.029020250777854244,0.34624201352948564,-0.6713074878227996,-0.37559738848530344,22.798636199509993,-0.4043628949452876,-0.8227657386243546,0.001165978930953604,0.01695781588020373,0.13667690525533693,0.013203052437965157,0.06999501842356604,-0.0015685657143546766,0.02734190247972723,-0.022185103079549233,0.20104752063135545,0.20104752063135578
-0.06324529772126178,-0.060911799351465054,-0.06984175067611886,0.01392277567765982,-0.02258071919908625,-1.2326546358066075,-0.29679080941250446,-0.2356337282167118,5.849074523518169,-0.1692543253069596,-0.21897043212078293,-0.001698609974542034,0.0014912813291823035,0.18218952452303605,-0.025379153821478484,0.16920847446685605,-0.020912219913100282,0.02121905520817169,-0.02738407343117969,0.24152557787495055,0.24152557787495055
-0.059728121248237856,-0.03211232008370725,0.015993291130622422,-0.02776643225409179,0.0054639293477361725,0.932327821449368,-0.5930876602890842,-0.23479887464787907,24.37589696626088,-0.3647800901079634,-0.6932985567165352,0.002532109108990682,0.020594199437563576,0.17670382288864594,0.015091230165902303,0.13364570451916724,-0.0005067516526322669,0.04666307779472967,-0.02360874815811364,-1.7643898886677873,-1.7643898886677865
0.021911360420061088,0.024501434378425998,0.06019106729123602,0.15768013266596634,0.2556053683573779,-0.08798815520271525,-0.14836137359414336,0.17143002456361955,-40.350239606481175,0.5401149191019541,-0.5629370717083674,0.0007875205457369477,0.1195144441793149,0.151632264274129,0.024512600120783157,0.08088703588587576,-0.0008882350607413642,0.004381738769186461,0.058376084007824694,-0.009158569980606712,-0.009158569980607378
0.004600310527409602,-0.03621809694493108,0.21971865495931303,-0.06755082315798487,0.3939762034909399,3.214853240154107,0.07746092548439651,-0.054696889487004796,5.087347332543288,-0.004209764671538385,0.5748737959593274,0.0010355936921877867,0.08289734522876868,0.015569884254842847,0.005283751763119016,-0.06818533507248081,-0.008134520367182641,-0.02620972491193385,0.06732116834830897,-0.018178761017533684,-0.018178761017531464
0.012483330064086487,0.028273767325010215,-0.02868080490372804,0.003564845153110209,-0.21072632697129257,4.632483604764193,-0.43604363146655856,-0.05150406531700469,-2.080539184739588,-0.5235263680748021,-0.16020782470404937,-0.0023355825381649953,0.10349946131922938,0.1304902268955752,0.018928650926313573,0.09670629344096793,-0.009818097987824511,-0.019367045460865873,0.06980797091438079,0.02897098793490893,0.028970987934909598
0.026628488598809452,0.009955221679708335,-0.2179356436588742,-0.01994667383431891,-0.1332084922674176,-3.189523459598446,0.45999626909248603,0.39956891914749804,12.64271996484019,-0.2607961200716371,0.7889333042407584,-0.002088561146875106,0.08788722340267263,0.052499661901234784,-0.01709848978740347,-0.031218077267761712,-0.007702979784100517,0.0007151322349765454,0.06375187511692147,-0.05801813871325456,-0.0580181387132539
0.023209440711397647,0.02582960808436324,-0.19182228156062986,-0.03551544438616722,-0.2976648613654149,-1.0415335037032338,-0.016772180901461847,0.2653227304650443,-0.2959772985507598,-0.10510238809703659,-0.5344348146793395,-0.0002119633272747801,0.12375884331492149,0.13161434784219717,0.031238054079999023,0.032197018870836036,0.006574428873520408,0.009683133482102146,0.06362680066544664,-0.040232254688978064,-0.0402322546889784
0.0316287760469698,0.03336881014087115,-0.12287568351607717,-0.021525315530121214,0.041497741874295134,-3.034767706027712,0.0015072295622289011,0.33369626655851903,-47.14515394718698,-0.3344771379277472,0.08149329478468473,-0.003203480395836366,0.10552538612381035,0.056844506042387,0.008507352479793617,-0.051204686283834344,0.00410101504631775,0.003970691297437545,0.0691399100237445,-0.09076629541768866,-0.09076629541768888
-0.2278330015688341,-0.16531091588288682,0.22153678897611573,-0.055427896287842865,0.01718094370315991,3.0719596440732273,-0.0567615292877264,0.33524159655813435,-16.241657502291353,-0.6692712644378354,0.5286922124693556,-0.008246146451848256,0.10505974891565795,0.06836163534061335,0.026480491272725226,-0.01784153275768685,0.0085523294420576,0.0012022281976900029,0.09418378987338033,-0.04422128577231277,-0.04422128577231077
0.010995766324487732,-0.012192728517824325,0.24205357463866406,-0.11038197740689039,-0.04598535108316299,-1.1351396437320362,-2.8696212385168405,-0.17504901699871311,-29.037907042765575,-0.43986254563899513,1.2412583124009746,0.012014399836009,0.09608360194000909,0.2641088049065492,0.0034066957387710595,0.172214820097373,-0.003335344935216106,0.13322005580485063,0.034123161714547975,0.11083560866076425,0.11083560866076536
0.06766017873234867,0.0633024853896916,-0.1564434646827856,0.021474472026112412,0.015157683241840511,2.7962487634252744,7.542442608711583,-0.06981061144858813,9.140590029019926,-0.8172724322335054,-1.64513597124039,0.013719741194808878,0.07976685941533979,0.07462831421317562,0.02984783729278262,0.12454698116396457,-0.001733970132062355,0.059698109214710415,0.009174361212104652,0.034518152228369736,0.034518152228370624
-0.20147282511924772,-0.18503351751003805,0.16620512107631152,-0.004433873393568467,-0.08076809098613391,-4.498309952761763,-4.585587305653146,-0.9699719716796977,-19.30343429415678,-0.3817632055520533,-4.597663581452674,0.01770535478621791,0.23029901362292227,0.3188122225551373,0.03795889404849717,0.16320545797352048,0.02698862101822282,-0.010907119435123458,0.04666990830453019,0.04340512020591358,0.04340512020591181
0.010226846874670736,0.056443560156273775,-0.10672587812961412,0.060147371946120784,0.05632448243759563,-3.9731213573287834,5.756755407352593,-0.14852384640509797,-9.527974300982969,-0.48267048701643644,3.1307534291461043,0.018424620994150133,0.08140241639457768,0.14638792942978496,-0.0006890604456551985,0.002133528984007649,-0.0013207344252586582,0.13447207191308408,0.025622823810783325,0.025863517120412016,0.02586351712041246
0.04993570208964336,0.05143663835350948,0.03647389350094532,0.007406339008640635,0.0630434731758091,-0.14252581517461133,-10.686571856252826,-1.2477779185069267,-13.225383010059666,-1.1572859051837319,-5.396874524419492,0.017667779798824883,0.16730682212693648,0.24627240691441132,0.04361373454902595,0.19592874507450375,0.011350300666169488,-0.010071100227094232,-0.0031063050078307085,0.0988003986489634,0.09880039864896317
-0.0010827821553628346,0.013200135149044001,0.11590867527573073,0.059227926738643306,0.2210986423987175,3.1260486871443236,0.7342709732304096,1.2668409100308793,8.266540839775644,0.970104164577194,1.412881624558275,-0.014540286900744846,0.03980126879909385,-0.053006761882301134,0.01954843024469466,-0.12365782964585903,-0.009718909594974293,0.01726696998863675,0.10015619109811047,-0.12518226255900577,-0.1251822625590049
0.011880725449892507,-0.015371881403483358,0.0716716103919105,-0.10131387003697005,0.24111683555476782,1.6391044187521309,2.636584532741942,0.11024762655979714,6.974744735451162,0.15752156426676533,1.7887224427405983,0.0014039690843755592,0.08498150207827271,0.018135500110296743,0.004101868595562719,-0.0612794553961481,-0.010207335549812225,-0.01731340387753344,0.0694349100146017,-0.05107225259394377,-0.051072252593943324
0.028318660582538055,0.013529694279392018,0.38903470678289953,-0.0384306976883785,-0.17083385957308644,2.541274755481763,3.3269412141905756,-0.4265079191181087,-19.870503034287147,0.33755590511804917,0.23010738585286172,-0.0028216683338708687,0.12614323004908023,0.13658158145961208,0.027922483835695955,0.07498472604237771,0.0018998434126214947,-0.02888355873463977,0.06384693543236485,-0.00042155647781672023,-0.00042155647781672023
0.04734802874042916,0.005115692385615763,-0.11548846588791292,-0.06261245650092453,-0.0665847543044807,-4.717654784257868,-2.2372895248454716,-0.4509236744411851,-2.9780507157496237,0.22346513745576468,7.857129366213303,-0.002384672256350661,0.09536077767742923,0.045933721407728445,-0.04803660776729313,-0.019323880608966615,-0.013416172595203512,-0.043680755683542016,0.05094208972702348,-0.04700929502592177,-0.04700929502592133
-0.21474317448552027,-0.03208042833926911,-0.17026965159821195,-0.00607317359565486,-0.02799789629305983,3.549920541753459,-2.481606834573484,-0.3089947618244224,-10.864638268790447,-0.5668126962304121,0.045917606872002636,-0.019600715240197235,0.040152743991803685,-0.009964099778894564,0.04991552366827645,0.005254540549521458,-0.005747779813629482,-0.028691927125448657,0.01695231295136785,-0.0678335961040668,-0.06783359610406658
-0.018871585038739973,0.07621321338596071,-0.17076037682987003,0.055812008239396124,0.11533136968874168,0.6654169961207885,-2.280723843706234,0.059010336692395526,-6.203119715433064,-0.560016482595523,-2.54386535707073,-0.021414946404072703,0.0590170238132397,0.11243757151186307,0.014907354878169965,-0.05120698217178232,0.0006032776069090712,0.06312862307417877,0.09050544105156164,-0.04659873624163602,-0.046598736241634686
0.022679800716792903,0.027464508174903784,-0.18633808779551397,0.0889714130975838,0.07112685694204052,0.21037728827758845,1.0308637160047474,0.4277663210248335,-48.321480897114974,0.15137442880621615,-3.9599053337409154,0.006717188085717952,0.1155466654154349,0.04876030528635544,0.026773229669150522,-0.07457111484449352,0.010532132629250741,0.025273275478217005,0.07920675263155072,-0.06628044533253963,-0.06628044533253874
0.018407605455484463,-0.01688687494141394,-0.02315442496175102,0.03725948645784869,0.00888630303409442,-2.0639462251964806,5.2534277551668795,0.3842826067607774,17.01671896682297,1.0780321830958495,1.5339496323839656,0.010288921811160263,0.12637989243068515,0.027275487384458508,-0.01349569361869285,-0.1449069052054872,0.008444042585691612,0.008490946830865154,0.10091004888055058,-0.06992296873747628,-0.06992296873747428
0.030659724712794142,-0.00985306453442283,-0.241841009702792,0.01678357205319258,-0.25944112419144066,-5.261278108995,1.599213283455077,-0.6536891277153387,-5.782601130911394,0.3793879883862389,5.209357850061959,0.012855094813720443,0.15071680100108642,0.14003622135507676,-0.00356142236537349,0.003980013849431474,0.0013199558874798065,-0.03152532408180997,0.03727898488625511,-0.02078091109154645,-0.020780911091547782
0.03607007463054275,-0.0002659550329625858,-0.2416031519849951,0.014101867348576748,0.0411384526925218,-1.6467366759010678,-1.0160502952254498,-0.7024537966198494,14.533305236289888,-0.02486222724818138,1.5980397245499312,-0.006959563508494659,0.06903096986690116,0.018666934855925188,0.012998248047977112,-0.021481184424325672,-0.007739571710414697,-0.044837872270727885,0.0036148063497946394,-0.04698113491574274,-0.04698113491574252
0.019556292415450455,0.005082949034905634,0.022677258290094204,-0.01276567722675332,-0.03653721663845073,1.7773111360736746,-1.5736314965406235,-0.2957216186093774,28.19429722302471,-0.6927850789972914,-2.4411430122442104,-0.008318177311908974,0.07862008614221483,0.0262604744569499,0.035074120255480734,-0.03316905978412876,-0.0035905932412594282,-0.03430025822471061,0.03936960268330132,-0.06092883688715578,-0.06092883688715589
0.021974026067981788,0.022079110352414274,-0.12724733197008464,0.007513556168237699,0.27833819902433543,-2.1436822702666327,0.2418238968985029,0.29088582180445144,31.301963655952072,-0.008931513209849362,-3.724851965773419,0.0012873041925556888,0.09761675569019079,0.0611804873206272,-0.001134695293736332,-0.028063577699448228,-0.007403872634683434,-0.0026658447512257766,0.06321250975413155,-0.06479662856682544,-0.06479662856682622
0.0048199644104053065,0.0165331269037586,0.6069429447977837,0.0274746137539642,0.20685517731882663,0.3640830030236686,0.7663827525601878,0.15818074209840916,-21.115829158164026,0.7164812602431658,1.6381914559277395,0.005538317289221487,-1.8336897011697593,-1.8445308123973758,0.045340032307355393,-0.019256393732815624,0.01523554375186544,-0.006688414993885727,-0.9008979811957185,-0.05594731474649006,-0.055947314746491505
0.03175996978189434,-0.0015263102375224005,0.26288388433490306,-0.06031880005343707,0.6700816076872483,-6.067615500765244,0.9427341004393618,0.04762545226471104,-0.13177584892005179,0.4092939773133838,3.132160697931308,-0.0039581303059048585,1.8887399586596645,1.9039533059950373,-0.13008038931600008,0.11621393108282918,-0.064240356084287,-0.06421713596757195,0.012246958450726764,0.08382694518006617,0.08382694518006706
0.03495140946580097,0.007446263178104706,-0.040052490437926025,-0.016630123823144754,-0.157673270760454,5.368507720880457,0.1949910520813617,0.20533650383092095,0.9101532407324555,-0.06145101432481331,-1.751690100454007,-0.01713247954873982,0.21480594576076806,0.16878530325345165,-0.013906281222566208,-0.0885902997208372,0.008883667301703205,-0.09284634078142551,-0.04075515417493614,-0.019184502060582753,-0.019184502060581865
0.06923425997212915,0.010212594308833534,0.14409594830643985,0.03535218886742491,0.15677313642065804,-3.4881124891784188,-3.57767451645151,0.9830088680527211,16.60902942625443,0.4120284497877119,-0.8858121116765145,-0.006284779495452513,0.16409042319169775,-0.036628146382408966,-0.11547438171654778,-0.34977958247154073,-0.0013580547338158766,-0.03922395315032079,-0.055687589001745086,-0.17995447757328886,-0.17995447757328709
0.040628812385368515,0.018057819677941567,0.07172981858060011,-0.04124051323378407,-0.16735018966321208,-3.4153353680774092,-1.2426237200033174,1.0158314350145332,29.583388048326036,0.08806779682481813,0.6010202763269634,-0.006151300413575932,0.16053675389085909,-0.006649447011077614,-0.06920468846520877,-0.28902242868602457,-0.007420884660224108,-0.01773123916025321,-0.047435188192442745,-0.19088829646730177,-0.1908882964673011
0.05674643003631102,0.026930470017234892,0.06719015550637013,-0.00038714037768026316,0.03479722573762463,1.51934447099703,2.3052887729321343,1.1053431007261736,25.372845062062957,0.4232692527855907,1.7836707361664417,-0.008664857668917957,0.16391856068222554,0.018897219480367378,-0.08233538617556102,-0.2558933275902058,-0.005298009769707881,-0.0190325420570282,-0.05543763904027421,-0.1758310352693081,-0.17583103526930777
0.052716640753197916,0.01105702759089941,-0.015896725116680457,-0.023342093849106873,-0.014698076320132772,-0.9854166716521018,2.6217551648232114,-0.0071012437546329465,35.43275884922976,0.08353581834541852,0.46728788230597185,-0.007587593388211102,0.20464082645389992,0.12010382770530525,-0.05276711325040495,-0.14427032559087904,-0.0016931235677636425,-0.04409512075974076,-0.07008242755670735,-0.14120488313017798,-0.14120488313017798
-0.19168627038753525,-0.1226050411663405,0.16138111864448396,-0.002885407110169238,-0.009218962271907646,0.4425051317819175,0.6617694326589402,-0.17098544098567459,26.355297708777066,0.5378745075138945,-1.7273351665173982,-0.006280120191381324,-1.7762114611596826,-1.8470512490154294,-0.04432744328007898,-0.13130147202255404,0.006034885541368904,-0.05335141122133358,-0.0788886038061084,-0.12433466537887905,-0.1243346653788795
0.006209162152827751,-0.0649167745874955,0.1256136805897921,0.049547854501310475,-0.12420394942937166,-8.182941771121339,1.6213849976976924,-0.3742251421204372,-11.088758461708219,0.012955488780458824,3.2409419923936595,0.004026810107207641,-0.08731447299264361,0.0021132579870670742,-0.09208750086798934,0.05124774285244582,-0.038413878041920015,0.06956474316881689,0.005486325313904583,0.04191569774334147,0.04191569774334147
-0.16217815909408156,-0.07480758936991425,-0.010654505676653825,-0.08521236042661312,0.09791715954957153,6.778437198628833,1.0243326728199627,-0.5784270517710581,-14.706628366704885,-0.7207901958202017,-0.6208958371001776,0.036811429929144476,-0.09602974154318478,-0.13280944468508182,-0.08799539863163097,0.09910638192380561,-0.04021377361788923,0.02573847133953211,-0.09894002834331539,0.12840388303628902,0.1284038830362897
0.009806093679080776,0.04974085965515303,0.28364356557866743,-0.005075651589942137,-0.08951233042528903,4.1344212051884845,-3.8242092771271565,-0.9689195493773752,-17.22117997202168,-0.9071128141859057,-6.129799863717098,0.0003604645074288572,-0.053675647942193594,0.11027483924998616,-0.0636708527776425,0.1937387481346593,-0.03189891143780931,0.06590598279270554,0.011580627637615581,0.08953214578186919,0.08953214578186963
0.05391151738052765,0.05040835015481884,0.12016354334608975,0.07771213998152526,0.17364668321825197,7.4862619968798025,1.27019695272928,0.2731247110604187,9.087982385822832,-0.08188266765887228,-0.07537255700291356,0.019384270474630313,-0.07047042671795167,-0.13492045753726667,-0.10202633819874374,-0.000563404207570839,-0.037215945639537014,0.038823292134050336,0.017088909021188092,-0.029043050211160493,-0.029043050211159827
0.023788636561648004,0.005208639204929366,-0.5166687706127814,-0.013064387550707855,0.036456032041590036,-10.014144694874258,-2.287725648191725,-0.7647257789069215,0.14678815377238497,0.07588218865281043,-0.532899008587171,0.012432606399528128,-0.03397411384462545,-0.001862340313230404,-0.056962308395840267,0.1330668575167273,-0.039551975996915574,-0.011329060162057591,0.002810830504906381,0.0060098091186804314,0.006009809118679543
0.028198073187519598,0.025447549518113163,0.12775376583470563,-0.08273995369010387,0.36677657159401617,0.9972633111732074,2.5941770350382,0.6561814497586909,0.3383499417350806,-0.04319992880726353,2.0943878093009816,0.0005660200389063751,-0.06757332213406886,-0.15499203853798527,-0.02463017332101447,-0.09119721420081084,-0.010165216781695779,-0.01175638888314856,0.03207026371345756,-0.02300278740067485,-0.023002787400674407
-0.21686612493493485,-0.13206269446377622,-0.8103556010938505,-0.24196099843329952,-0.1857824597414925,1.868071188560803,3.8135882569688633,-0.003621069851291736,2.0494629421932524,-0.0024592419157283274,0.7614373639314023,-0.006639749932529121,-0.055060075344476545,-0.02365474832671355,-0.04716460856920557,0.13104719928429742,-0.02940934281057802,-0.05276619816677275,0.030249659141363683,0.07068935031929624,0.0706893503192958
0.04288266504627833,0.04104212927874565,0.42281592640077836,0.005296966247388929,0.1272152282207088,-0.32253728513340807,-1.571376017738488,-0.2654714583333373,-23.74896768564252,-0.744723842304923,-0.6063170049533584,0.0022050143406858493,-0.012415196114006433,0.04995302136844959,-0.02265999096758209,0.002328425934617462,0.01632972934553427,0.08890786283356134,0.02981930365914831,0.01500203141740375,0.015002031417403527
0.07867059812528696,0.08550145115208371,-0.6067270227598587,0.3311050720976707,-0.06535535885691397,6.434905553679535,-3.5694130557396386,-0.5163527804300685,-6.003621658772426,-0.7084370240557674,-2.8476048364558437,0.021457181783043202,-0.07559678094567457,-0.10365672530368952,-0.06389102476563802,0.11006233720232506,-0.034218274682153944,0.017446008104698763,-0.04745609424711905,0.0499214352424624,0.04992143524246173
-0.22613080012938308,-0.12034334656358432,-0.17958037338393712,-0.12249341044567144,-0.002355469678964328,-2.4710233493685916,0.4314740549601418,-0.12319233210425296,-1.9435038580647799,0.236221338509781,0.3160031132916531,0.02456372827286855,-0.08867663413980154,-0.24405773697198985,-0.072145024026952,-0.1938155868623198,-0.032944296095425186,0.011610104837543878,-0.026825331576522116,-0.09300456651587319,-0.09300456651587274
-0.008454051191603158,0.052540090872559744,-0.4565668474362778,-0.0006362007408824491,-0.08821814701511205,8.709992634404376,-0.2914388390365188,-0.32261182288277723,8.91806044720277,0.4891419030627604,-0.011603970681929976,-0.006883600744278598,-0.08434767381392261,0.01995170163299731,-0.07294783012728179,0.07238469701432004,-0.03511875916565461,0.05843451179442072,0.03834303697079999,0.04231981160548948,0.04231981160549059
0.05199190144603979,0.0420162660425826,0.18130022870887103,0.014940046083642626,-0.21378538028844168,-4.203478564981527,-1.6232479691954262,0.3767075086472147,-16.895589400990694,-0.4253153902844211,-2.144738705368752,0.012512491946906071,-0.05965549380431323,-0.1748296168720811,-0.047021835557985114,-0.07831886252583353,-0.021295415596130907,0.002846205410063307,-0.008294670066708143,-0.09889446081041986,-0.09889446081042008
0.047766538735537774,-0.013199507091056745,0.3721783575174585,-0.003053891800854646,-0.15932969589484136,1.7321956972303951,2.838661315820491,2.311725243700039,19.33632862404837,0.4111352891815273,4.011005285420567,0.003810454363380008,-0.09858129925714731,-0.2013426003489298,-0.11612086301650526,-0.08851771022258625,-0.043579422500537056,-0.018228653979961984,0.01258151796921636,-0.05732508305375228,-0.057325083053751724
0.058932242893472854,0.0016968440983777117,0.8915425150090686,-0.016109224973164315,-0.13265311048060474,1.3221875978914923,0.4624231243037614,-1.2117995954411782,32.18906694844846,-0.2246777615147657,-0.7660385057959922,0.009718170696668593,-0.08110310421054812,-0.08833557433193406,-0.09641771149555767,0.09515428137678716,-0.056224738704195455,-0.032724820492072815,-0.0566736638989368,0.01772724349182697,0.01772724349182586
0.04576791698958849,0.01853946516411517,0.14389094418480036,0.1284155491316165,-0.09373735089895681,5.249647013689591,0.5276718220335604,-1.3038940574044773,32.14057442459814,-0.02205063077942976,-1.2275436855425483,0.006212666709787828,-0.09164031813842599,-0.0693418375833581,-0.13065766355107278,0.13627988100505228,-0.07238367511789463,-0.04233608339935879,-0.030526577543616096,0.02534756509414615,0.02534756509414482
0.023865560938532437,0.054535055842780344,0.06262785534937532,0.01632513536677606,-0.10921445269137692,0.4968442143147733,-1.5098328071267333,1.5885255935430962,-27.521341590062192,-0.513209530396555,-2.2035863818805375,0.014606540840769785,-0.06571356602821288,-0.09383537458960034,-0.09565755222009653,0.02081905640290982,-0.05331501901256202,-0.02257724822858409,-0.018916549444554565,-0.03165492077272836,-0.03165492077272902
0.011598469592637089,-0.023370771218557514,-0.7982120570080122,-0.059049160439310286,0.2150314294792744,-6.394661723041927,0.8683349910383038,1.017913097703783,2.003247498907717,0.5412975480059958,-0.39168603469247376,-0.010020795609258486,-0.08267345818738625,-0.12133068051628482,-0.09097529825758544,-0.02125373678243725,-0.048469154243023,-0.03177944184727799,0.04530634991253879,-0.042245158892441514,-0.042245158892439294
0.028323415723384395,0.016379733179913675,0.26129880666699795,-0.08829635271404013,0.7195521799070248,-7.208180111486269,-1.8459924295078018,0.6504544961490666,-13.080469411642506,-0.2675201822216718,-1.2159481935408378,0.006430111118718666,0.0022434966235609366,-0.06842165919388998,0.019998737485478202,-0.0944493754738267,0.010908607101128842,0.009216440027242312,0.04894603285218002,-0.019738088569745127,-0.01973808856974424
0.024882525620322515,0.05758175219075451,-0.7991212733288438,0.01619608435008344,-0.2922082185473436,0.6528427794749536,-0.07638976628480632,0.9946245852791833,24.60870023880748,-0.6858389393181621,-0.4234173329471822,-0.0029266601608115258,-0.04035322840918143,-0.0358731658218705,-0.003453554257222158,0.05973615846826075,-0.014291987218911416,-0.02208886327232118,0.054464121118342756,0.09713946545732632,0.09713946545732655
0.05735715043686811,0.031238229944899998,-0.054095245584175,0.009067021375610725,-0.24502308598945657,6.096299684244196,2.0988902763248216,1.8281634882502829,20.382141526646173,0.045959269731111196,0.49950596271264147,0.012685142826242817,-0.04098934170392288,-0.17306789644699383,-0.05029358296106279,-0.2144332517233204,0.0011753708114399589,0.02114244893826922,0.012985086961418979,-0.06748157154418055,-0.06748157154418155
0.04958070557679773,0.0016816094650590613,-0.19189719609319117,-0.024284130176537615,-0.3231442803052476,-7.562279043546445,1.0261867830238032,-0.11422181824866584,5.401950986358335,0.10000930128480201,-0.3219366835643831,0.011299430300279838,-0.053379820793112875,-0.09086932840226458,-0.07548013948484777,0.013597006058688299,-0.04196672263961392,-0.00668975973344188,-0.024876660731838696,-0.0630202283671426,-0.0630202283671446
-0.1919842966023788,-0.10861439306673179,0.16305975495392638,-0.09141862366854692,0.025713212808847773,6.618473302949035,0.9193347196920175,0.19856630449633883,-20.97117778812224,0.30098800852101815,1.0213637269436293,0.010059764907132378,-0.0561390957337502,-0.15044389076278475,-0.0666537373398387,-0.08121616290789757,-0.025297274861433378,-0.009347720475057053,-0.013606471948770182,-0.05456523727371332,-0.05456523727371376
0.017361862005472347,0.06010629147154831,-1.4807063061487686,-0.03623515060968696,-0.02263951306112778,-7.223566469883111,-1.9691715485808379,-1.167687095024533,-17.275490681686684,0.2860887358473492,-0.5346928740215939,-0.0007183751881351709,-0.08039074719483441,-0.0018652926430943184,-0.06782305818665291,0.07541209106458169,-0.03987649684412379,0.06493101541206747,-0.007060891582633344,0.01849017781393303,0.018490177813933917
0.06578209732311047,0.09420263643470207,0.1411904618034054,0.1291973977401574,0.31952264105533995,3.716174753812052,-0.42262477105513685,-1.9675495566573034,3.427471730405479,-0.5686758121963917,0.5374223233806132,0.012810110120528396,-0.011535820708138411,-0.24749741885812582,0.053486838726249264,-0.30826491681996826,0.03789672895022821,0.029022655332075376,0.012717320694382916,-0.1515975486513188,-0.15159754865131803
0.02887243054350892,0.0007574694754936551,-0.10060696409842954,0.07694136660364002,-0.079963380619365,4.449400146672051,-0.8584000578567083,-1.061600804839614,16.06377660160809,0.08106717242736106,0.5423356227411229,0.0029689196488876073,-0.08329457495151771,-0.13113605214729063,-0.0618003457315911,0.006011405194975561,-0.041864395541850404,-0.05109625509075266,-0.011896960695684022,-0.01126577570284093,-0.011265775702842262
0.033438784084396475,0.009893150075406178,1.6198308382672493,0.05815993580920141,-0.20732965721100732,6.97659865378111,0.18743288618498466,0.9967390853861957,7.283247072096827,0.5324434572489138,1.4031313672111556,0.006816866919095121,-0.12004619849806786,-0.2263818567010747,-0.10186939785454707,-0.07932494373894183,-0.05146855093271998,-0.03257188594975269,-0.0181579435884609,-0.05172745267911916,-0.05172745267911916
0.03660415030045441,0.02871533337904604,0.48202847590580555,0.08134153991339832,-0.24748708241905287,-8.767709858652355,0.5323519041546699,-0.30895594987127595,-7.2851942254848865,0.4423207865455415,0.9748426551414964,-0.0027634753242132383,-0.1934646443149428,-0.20544708398404588,1.7573144683715323,0.11395658296906364,0.875679329966924,-0.08350586434781537,-0.037157164946384214,0.022718556178119798,0.02271855617812024
-0.011642732319705744,0.05252146431968774,-1.0704557536871149,0.014549553727242995,-0.09075795171084712,10.487148346909718,0.37006522831070043,0.7039628011154662,21.14690685645985,0.3887614797339909,1.899487591134303,-0.027902917653606394,-0.2580074442551541,-0.2792229284529959,-0.08124713955801721,-0.40152056009209414,-0.026628210818164355,0.0014845332309503245,0.04036009073059765,-0.2824804183361733,-0.28248041833617177
-0.035877689461678346,-0.08144486353973712,0.26560618529894314,-0.012026480462689573,0.08758974794351937,-15.539747908096436,-2.3172710286511267,0.015205759830777765,24.060100920748916,-0.1276463757318057,-3.849158522080238,-0.03412287363978607,-0.16148323069827009,1.8313605876563877,0.0841785572150866,1.5830844614570903,0.02606591641571898,0.037656116293941944,0.05998340626970111,1.5725887722357763,1.5725887722357754
-0.10041698257019596,-0.049784374326763754,0.4396758642813037,-0.027693363914695034,0.5395596224037427,-5.905632784349931,2.002155639929213,1.7782819069733904,-24.922788788572724,-0.9922832552034255,0.5804234972796385,-0.024781088397154694,-0.23553976941035604,-1.1975536763094021,0.004328090385718131,-1.0521842890448183,0.0039918531993320405,-0.10991998062269515,0.06493755147677871,-1.4733353199506454,-1.4733353199506465
-0.016488572000743433,-0.017270351720932914,0.13046664110616105,-0.020032108366747195,-0.48207905781124843,2.620189570263042,0.787805934428935,2.0284143520885323,0.8239309523103691,0.3649241408480039,1.0163711114885627,-0.01997790395386413,-0.16484413793021258,-0.0371720553334296,0.05649574046323669,-0.17614112868441822,0.014868028865366645,0.001348545456622885,0.03836001237304787,-0.07505456876933447,-0.07505456876933558
0.035783679170944035,-0.050827590457562744,0.012715563580837863,0.003223026740873082,0.13443625275500404,-0.18657631220986648,2.6429897784812812,1.4475004169052852,20.05720892496722,0.28753096801256783,0.11302179191396,-0.01663901932192927,-0.25714105934650755,-0.3385580570255198,-0.06699950784996922,-0.4938630023127829,-0.010866991826169015,0.027561623706613192,-0.018560535275756185,-0.2981442695886658,-0.29814426958866647
0.01253165367894819,-0.02883595305856411,0.391076271591877,0.030663769945890575,-0.516354287708777,2.744006285249668,0.046768018379220844,0.38666510348386396,23.239200145160844,0.8457980612582288,2.901630411250674,-0.002087751404924173,-0.15658119598880127,-0.12087936769477037,0.03750890523273831,-0.27888923538962773,0.005724034698740277,0.05204479914932425,-0.01923006240265257,-0.2584583919914475,-0.2584583919914496
0.037130104166951824,-0.01627401559958512,0.06106010171150937,-0.06610482924377206,0.0969420908662792,-2.5884185647465223,1.716706756307825,-1.889284903871598,-62.41461835131725,0.9926175527482126,6.574546262246319,-0.011437106882954951,-0.26431878969768685,-0.3348405288996952,-0.038269332596696515,-0.4101792886977861,-0.030786265209475028,0.015963909777718,-0.09137541130457227,-0.34245745160853025,-0.34245745160853225
0.015034528723815593,0.020190345802030704,0.020655620380142722,0.05688091825623629,-0.11720606561265579,10.061739349255326,-1.0918695432427024,-2.041263157047055,53.02156469360946,1.144703278186191,-0.03230484971670178,-0.040516704445975535,-0.2677752278290033,-0.3377893414661679,0.03352988219887232,-0.3661933292955003,-0.009713011153811735,-0.024295509477716082,-0.018528700495459183,-0.30529215033405777,-0.30529215033405555
0.01220697443881488,-0.016666181420946818,0.09256906450941575,-0.0437582985714875,0.2778998268670209,-6.99458654199532,-5.466704489733217,-2.3165774324493356,-60.51495592618624,-0.95331635350385,-7.684473738063739,-0.020362043286571204,1.758802197338838,1.6043820621716032,-0.019839060194254854,1.4170787540390188,-0.01122153677995752,-0.012418399643884137,-0.02225368667817762,1.548155611307913,1.5481556113079102
-0.053304049684328315,0.021145100937502378,0.06316953267769294,-0.0383879107294799,-0.08925042642882203,11.004227124376213,2.494087486031849,1.3247387065861744,60.87594436837784,-0.3653286220402798,-1.0376118297593946,-0.15809437595852893,-0.025630394164196657,-0.24340184832061862,-0.023230458932991027,-0.08163382217916038,0.01266400321422645,0.06663933863129201,0.0650888326128023,-0.00032154722063637564,-0.00032154722063282293
-0.025120238555888144,0.014711170939784326,0.3762539724285173,0.09446397949753382,-0.09392889599793748,-7.7684687115626225,0.1679776227196773,-0.1611015427180007,-34.175815896629935,-0.4141199373586284,-1.8949531489427294,-0.14024822599809997,0.062284907023004266,-0.0011395261393198908,-0.016599484954889387,0.13687586151373565,0.01016882160889121,0.048509429792349845,-0.03855727371047868,0.0010148421715856504,0.0010148421715816536
0.21564158170626216,0.052465566141685495,-0.9033484554219303,0.01468781754121102,0.020871256807469,6.495378837673881,-0.877367739692981,-0.8364722656072558,35.11161625722552,-0.8831708236935532,-0.36668797689457167,-0.15248225732880902,-0.019555741534297066,-0.14592484330865974,-0.036891892917702895,0.0782524416984266,-0.006991758291861272,0.005468972468725575,-0.049373175718929296,0.05352828232699647,0.05352828232699647
0.004289661829431118,0.15750041375724255,0.015700804953287267,-0.01286269886819632,0.02387747156584295,-0.1866561202815875,-2.3787396256742825,-0.564113262846405,-34.69907739856943,-1.324472816162619,-1.1056397080414513,-0.13861264054333738,0.036946627873289284,-0.23395997779714284,0.07478149395299671,0.029601229015570496,0.02548859140138804,-0.028558027704854605,-0.0822629593630857,-0.07527151496633033,-0.07527151496633255
-0.08976791912263923,-0.05743073177380628,0.10485458658942043,0.006396624448120308,0.20840041606139437,-4.242602570485001,1.9033959624050754,0.12404351755760956,-21.609216757582722,1.0360027029073493,2.8853491081854084,0.7872649088155507,-0.04715674138061576,-0.16530049908025068,-0.0077457924441022286,0.015711907972379313,-0.002763475324210285,-0.08148535105834964,0.07141191148624815,-0.06447187527638798,-0.06447187527638776
0.05785198069705801,-0.0014864598152610556,0.47678569266732934,-0.0031675664797978023,0.45725014384618945,-8.509132517173736,0.435762735035228,0.8157580054603528,-85.96734814592115,-0.5319376230906339,0.6976868266119398,-0.012141542327663402,0.007398126885304279,0.1892086449081094,0.014194293061283392,0.19769589760854667,-0.008549362696576246,-0.2860955371038807,-0.03524469474362091,0.161411368859536,0.1614113688595371
0.04715254918313882,0.02401455084972134,0.1443304414341096,0.007835918035453238,0.11199837371829216,-4.241105064799468,-3.4654926089861213,-0.8377623262917382,-25.749240408605417,-0.5322648741598943,-1.8021243543414256,-0.019018263499370747,0.014856440702869733,0.22876638320921217,0.020228249249904295,0.26193664207278344,-0.003684158034901408,-0.2872310678714406,0.02550948340354764,0.25450950188231003,0.254509501882314
0.04996977316313791,0.040493267428227536,-0.08320089686262894,0.06720963150672435,-0.39294258181842445,-0.11648927122054253,-2.23495938162739,-0.8879451238569658,-16.584497745349452,-0.08769237315684641,-5.82219823927572,-0.008881379289547242,0.011667716204042167,0.1428718993617264,-0.006234431319422917,0.06829250384295171,0.007520917475570821,-0.23431397548303168,0.04739964421701526,0.13019124354752376,0.13019124354752543
0.04961930682560186,0.030345958269798936,0.029451204720562243,0.059645706530747016,-0.2370365335583724,1.0518976960749118,-1.8411277438457763,-2.7928093022610483,-22.007452993852596,-0.4513815501673928,0.7959824350601723,0.007146567894388833,0.01863598737524108,0.0766960576240705,-0.06904170393932385,-0.05811918534083471,0.000780804441343097,-0.19355834434814023,0.06999690760381427,-0.016174995645478862,-0.01617499564547864
0.02901070240177702,0.02070357508760817,-0.07602252238807543,0.007260316380147229,-0.5340341949103238,-1.9288969276981334,1.454799122636075,2.0394068807135852,-4.407402245645825,-0.6328517181999893,1.9490304817416044,-0.001229243406174696,-0.00552718970585242,0.2070777539416242,-0.026706678712229426,0.2627556825971924,-0.016096075630325446,-0.1927178144784707,0.04268392723203007,0.062324742476340234,0.06232474247634068
0.05455487275510514,0.017787318380160674,-1.4934519083854014,0.03556725526236781,-0.16510464054845458,4.752912962528152,2.7332134285295826,1.6075449222504687,80.46959093602658,0.04952938546408969,1.704720594076465,-0.005099880100529752,0.02697312964454257,0.30830999810016113,-0.012939950377944154,0.36746745916693124,-0.007320031677513494,-0.22800327687194633,-0.0005037540232938342,0.14186339508295154,0.14186339508295143
0.04178979512663688,0.03311303004386201,0.2846788966958132,-0.0378792418600554,0.23724252298172083,-3.375179677588095,1.3564673806960919,-0.974101261873372,-5.4967621048179325,1.0197070783555637,4.107580129549672,0.002382199677747665,0.15563776084581282,0.4189053069010087,0.1718401953989136,0.3030936230654804,0.052873192753627896,-0.24144738820796963,-0.033808724131330514,0.038476151559476146,0.038476151559471594
0.04713138664621285,0.02189021602179064,1.626060498983804,-0.04999428548096678,-0.4377664832497216,2.285144346132226,1.0634635156046377,1.0737226072336057,0.6313252360776307,0.9434411456771343,8.051612705274794,-0.03743701945954614,-0.010330143158518323,0.18563101381224678,0.06648024879897974,0.30560727947469146,-0.011921063239254348,1.610815881043142,-0.04069025764269152,0.1197132197868328,0.11971321978683158
0.05657861368810587,0.015858829511977056,0.15152837871892383,0.02918204099073103,0.15952897604105903,5.8283120185601005,-5.40575536490614,-3.5327642591973216,-19.46714351114382,-1.9256240527536375,-13.420905492974436,-0.04120390916741057,-0.200685615955134,-0.43764820617444533,-0.16351994008097792,-0.24519402214828556,-0.08151334846099911,-0.18762264910722282,-0.16669805424718476,-0.1097987773796012,-0.10979877737960098
0.24300262844111642,0.024696841329166892,0.028028881759582125,-0.0313620850257106,-0.1379613328228142,0.282091705981939,-1.3875113548561218,-1.2229935106668819,-7.285889001208446,-1.135543280354085,-2.8706213285037636,0.0059293287621161594,0.006321034364463518,-0.2109237106380415,-0.0970517398827111,-0.37145585364320866,-0.007798094366595842,0.04281399378320894,0.04218962524080272,-0.21412827780056687,-0.21412827780056465
0.054703422541441525,0.1650865971563503,-0.06863922575753438,-0.06568584979666876,-0.16340987083825526,1.6680660463337205,-2.621899574919614,-2.753547701191181,-50.13564273609609,-0.6433087724818003,-2.45721254603294,0.03439984674535779,0.05322048613733421,-0.06719749452629564,-0.01361429977932982,0.00590322560106471,-0.0009989972429653715,0.048781883045071917,-0.06553982840708739,-0.07313474482148696,-0.07313474482148719
-0.05635356233772803,-0.06938585643108872,-0.21290215893394676,-0.027763344552233372,0.5956217005376889,-15.57267919979222,-6.254155984327835,-6.393718480582791,-4.590684626183544,-0.13640155828517475,-7.608598024886947,-0.04715496920069562,0.01420448106044403,0.052341038076213486,0.00013973365857500308,-0.010613306171746162,0.004698679011015061,-0.004073938609328476,0.10487051367650069,-0.13697060830600494,-0.13697060830600405
-0.04028702320058286,0.06800786541119797,0.8726137647192489,0.04253130793508822,0.1479235121718604,-6.4884818751514075,-7.686180736108083,-4.686289203625478,-8.300234902360984,-0.4776953275749336,-3.168403456443195,0.01031121737668983,0.02674018773834308,0.011930343747229677,0.036247746031282335,-0.061841446893536656,0.0432348586827106,0.11867261994034672,0.1019592022145801,0.04045042034782553,0.0404504203478262
-0.03639680195892716,0.05290208400238268,-0.5487009214539709,0.029702462688061232,-0.17195907774087127,-6.765720499532868,1.2673555934962568,1.2996391930364837,23.257237569088446,0.12545126709417675,4.886361982060323,-0.005450191837295559,-0.12487067584289169,-0.11083758825381285,-0.14716478423060675,0.012140188259671003,-0.02967605392844419,0.06723351880873263,0.08577496495712511,0.059318374429019216,0.05931837442901888
-0.023830163054322916,-0.03308605704317257,-0.5829018530230301,0.01868588563609888,0.11725440601849148,6.471769906374659,1.5088434412821798,0.11155130289152737,59.1594860951989,0.34208879226237277,-1.187141739497298,-0.00616316015919538,-0.02755646624017105,0.05076942077049118,-0.048406745226677206,0.09630312186426349,0.013714884058677934,0.04857156999846246,0.04308627249814356,0.05036883041211948,0.050368830412117704
-0.02067848527683374,-0.0005422366628057458,-0.12710915559552396,0.0063453311426543355,-0.36148562324126854,0.7571807627322746,-1.3294305699167888,-0.4807161871590182,53.00375616998974,-0.02345563797296024,-3.401812820289951,0.012267857226162304,0.03436538667737965,0.14482557568747412,0.006331297851582374,0.20560160543420947,0.014822413055346595,0.044222257181652735,-0.009010836016843604,0.027663970639290714,0.027663970639286495
-0.0005502028483041661,-0.034894496825441344,-0.11863964810211083,-0.13794664074545368,0.008115197259092613,-0.15663925615990593,-0.48352746611937025,-0.4259965497556806,9.08117449333681,1.3380316154261684,0.02354307911866993,0.004320761570575149,-0.025918892092173573,-0.014542236848727352,-0.06862818770947943,0.055288900007321895,-0.009070646788860826,0.009448250738670949,-0.03483987031325708,-0.05182416599237172,-0.05182416599237549
-0.24506153812628798,-0.07269436120439154,-1.4045097763118974,-0.00932405415457152,0.1529644966897683,0.6977949939947208,2.8547608361235923,2.9853804440251963,-45.14670631768165,0.4424388738338325,7.233281502182814,-0.012341652311290252,-0.03876475740729757,-0.10081597375669515,-0.02738499586875598,-0.0003085144188037514,-0.0024735001747056007,-0.022281420866036905,-0.014807022192826147,-0.1033886527453558,-0.1033886527453578
-0.016082571919776266,-0.07908991877810799,0.05865597947429664,-0.05481760786742572,-0.4082895781190223,8.193789321173385,3.219285188075802,3.5453887852767707,-71.25390849212906,-1.085814201436539,0.9180745189232056,-0.021154326487926145,0.009045243255445534,0.0377536825535747,0.09656508200594238,-0.060833295108599916,0.05175204832590641,0.04684587564098619,-0.06542990765129253,-0.013916924012308485,-0.01391692401230693
0.10604599305132661,0.12494079572643968,1.7164194182832173,0.15543976040718782,0.17642424880164254,-7.125024359365071,-1.3310834980457713,-0.48364271809381876,15.510950004186071,-0.5072584438329373,-0.5382122346836846,0.02312133079969947,-0.025652198298935946,-0.0901350080193497,-0.05107632556113062,0.061689843039279935,-0.0114850273829612,0.026042997394265632,-0.20975659898755927,0.06905887565598223,0.06905887565598401
-0.24676317733693023,-0.14027274190129124,0.047955526817920535,-0.06107946359788482,-0.1517534855887166,8.00860286625722,3.980636687384952,1.0164448073228982,7.485690245843459,1.307049947562022,8.357762506990921,-0.01612847209911683,-0.026340691690128315,0.0604289364885473,-0.08322527715528394,0.154122124108941,-0.05800610052998256,-0.10119980249652216,-0.11505357795382332,0.0753900141126087,0.07539001411260648
-0.012049622783702939,0.11757709045736892,0.0674356862827194,-0.016434062613859775,0.16706293074393186,18.880043069811872,-0.7467009936910092,-0.22100528430615896,5.649055408092655,0.5172617247320086,-0.684157590382954,-0.024121149324174418,-0.02798828460568248,0.06875145393337334,0.019707216136052752,0.04541631008061686,-0.019031775062191114,0.010033930980918426,-0.15047893269558799,0.01824623532324754,0.018246235323248428
0.005576152080555518,-0.002235287002322957,0.32172941146597445,-0.010295633528996111,0.08445098461216805,1.1457884645992138,7.60817807859064,4.657899205901344,-31.936294849474024,0.3198413262279898,10.71180114926691,-0.026213262453891772,0.023455419506778652,-0.08128875063564767,0.05508746431101208,-0.11418579497487591,-0.01150163710776586,-0.07939098111758991,-0.10181626156706725,-0.18105447276715436,-0.18105447276715436
0.054221974356762785,-0.08422673467933964,0.0023206982893345246,0.03950778014354421,0.37448582184029355,-21.327920195755652,-1.4082697336147167,-1.0594362898350198,-89.49501381787861,-1.145708568344887,-9.006242667039984,-0.022540033831830453,0.0320401876803309,0.027733089197834904,0.07992705547548096,0.06414984173138016,-0.011044013243012962,-0.12268289214576056,-0.23076029928737152,0.06889651752655968,0.06889651752656167
0.04983550363780028,-0.022180826333814786,0.5141885135688167,0.006634640886978835,0.23940509697765133,4.546728432604965,0.7621862844308955,0.9813226973776779,12.21143942490707,1.5464282154294264,-2.024423107264128,0.014398338332095917,0.07273750712943738,-0.1282860808496702,0.04405468710654237,-0.37006351694170014,0.037279938726409556,0.0070762301973732455,-0.0958947529870775,0.07239790507382926,0.07239790507383437
-0.20543453176560073,-0.16675792012105373,-0.016785390366425054,-0.05553099804569532,0.328400275727716,-17.664022718470676,1.2059904132644146,0.19618828772868824,-28.63101829474438,-0.07694348637733595,2.997627036847658,0.01787119128061454,0.05484664472979839,-0.13529024254508393,-0.003883769777930146,-0.3352724811879757,-0.005803628646567693,-0.006646313150872274,-0.13723571443100968,-0.09546979814511936,-0.09546979814512069
0.012304717095859737,0.0031257583608622075,-0.044706832452930334,0.16559190805398974,0.10874054590552419,5.831789989533689,-1.0915908018320382,0.557518122415857,25.427168775982963,-2.668402886088316,-5.387127766780478,0.009133656040692939,0.06152407387327452,0.09114556744780278,0.09754046748033418,-0.12832384814197617,0.0284461340876756,0.10260780892738264,-0.14893725072682462,0.11148828432395663,0.11148828432395852
-0.19582801638133054,-0.04863236597269888,-0.389788392780899,-0.07072529675052548,0.14328391215961672,18.33932222089461,-1.0791571298345561,-2.55216757375419,80.00510303864324,0.19944632613950203,-5.593708881553239,0.05162401888461565,0.12238751511319412,0.13379247425249075,0.08088653309018878,0.002549277512841952,0.013162799876961229,0.10319712200237952,-0.2203045797395733,0.10131523688479005,0.10131523688478927
-0.04207073588345615,-0.13635002340456043,0.41860230103365187,-0.00517966660408346,-0.32607149331195556,-4.201608259707433,7.438359158627907,4.403217039746778,68.76357122081967,3.3071873134731793,7.213990060627552,0.00203388683690775,0.1453077265648215,0.26948538369803265,0.14558170302398532,-0.0055693830781258225,0.019790322955661743,0.09797786358391058,-0.10768307747015471,-0.11719029278614856,-0.11719029278615278
0.1248719019830446,0.061546181333963834,-1.61596574585587,-0.041536509677120706,-0.07863809285979327,6.359979341592894,0.3411111329370522,2.50464928314598,5.91623012080804,0.8382636853084886,6.840036261268296,0.038475114387718334,0.05293500618946467,-0.1433241381555428,0.0779175716452899,-0.16820796838794583,-0.01096081059727605,-0.06922327890776736,1.6120130874049154,-0.03157274110042474,-0.03157274110042829
0.0088920950715775,-0.04066605637029347,-0.2032686825552329,-0.022202621911319782,-0.5568865716474025,1.2380820501312,-1.68759640302184,-0.9509203383833977,66.11418639551745,-0.7917287582977908,-5.061485812583504,-0.019049304579662696,-0.14272784615288647,-0.46943464986380734,0.4130798014738527,-0.3443713256589309,0.04735885551672492,-0.05850481728953394,-0.029085815144746396,-0.27217429322800335,-0.2721742932280038
0.0507837471238694,0.02424490314944422,1.131958833474314,0.07642632745839664,0.33299787653862056,-2.4281045280946003,-3.8917966768534518,2.7653767594927956,-39.8936936105772,-1.7642703001826487,-4.371643981133502,0.031366253954746015,-0.12343220716020564,-0.3814874563541868,0.19920435050830354,-0.2887897859704338,-0.004459485922438944,-0.0004245512046789912,-0.048904033272974656,-0.14708115814990164,-0.1470811581499063
-0.010310266526410577,0.020474588285253944,-0.10962126052735027,-0.030059336848300443,-0.028805854709606726,15.801991317528019,5.56191683860985,2.48845182475371,-23.89263089914413,-0.4605215624328707,-5.4724860699019,0.019747124738298094,-0.1192551072331891,-0.15434012456126966,0.21096229002343814,0.0716681897573912,-0.04081864931044987,0.008698704762995946,0.00959072295678276,0.07050769805851509,0.07050769805851509
9.511084487544633e-05,0.03438616622798264,-0.19468712639940206,0.03679807659084377,-0.40220364083636206,2.120422985240758,2.780521869443708,0.7453664089528615,48.06432428120428,1.6458896692225304,6.597471989930683,0.029930770566788722,0.0416984268271563,0.010003421974929982,0.26705521741748406,-0.007622978877091624,0.016310177143840865,0.029448646593236538,0.049277866464251585,-0.0039461824016258085,-0.0039461824016258085
0.0088316770185007,-0.0023286181173793746,-0.301862969403261,-0.0308622460133842,0.07472975664302361,13.363645746427181,3.7151521149606896,-0.7764017150974638,40.99587459609978,0.06586401442017076,5.2924280094534595,0.009758873562234704,-0.04441580718500315,-0.12891833160938937,0.3276449371471545,-0.07649276063140897,0.0034443381511538584,-0.04141746151577519,-0.07946365379813392,-0.08356428041005604,-0.08356428041006025
-0.0011272043333448827,0.033634343629543886,-0.29997966123392755,-0.022517838094848086,0.5364682765869979,-27.72435189399573,-5.341767797224259,-2.7626087517904665,-21.504599309001446,1.0708845945630419,1.4995148445840991,0.001109420897838831,-0.042532605777440224,-0.061957452894228826,-1.6117973112737771,0.10558375234990858,-0.00297790421884625,-0.0656536438467441,-0.09240472043802606,-0.022201620291095736,-0.022201620291098845
-0.07282715546884619,0.029077588193614806,0.10739760977252755,-0.07009507796685756,-0.18939245124378135,-5.689467288334196,-2.250244761722093,0.4962408314908231,-14.949328709239401,-1.3939974444211622,3.007950438016408,-0.034065457037035785,0.04404004070698608,0.12108427463005622,0.1535165772925955,-0.001379056986876126,0.039662878566121496,-0.09675768207713853,-0.04419981645571691,0.10364738988280986,0.1036473898828113
-0.038433117450888135,-0.013868612344205222,-0.06864969950733807,0.02674606883447902,-0.17668816518673341,1.3234561691677675,-1.0195694972385159,-0.7779280364019172,-43.17199681993248,-0.05719619795606512,-1.8739217461606072,-0.02700918700489119,-0.03640805475323661,0.08348452808041928,-0.01893536574982102,0.03268488345909781,-0.001805168265895496,-0.009616743738236622,-0.058286059230165055,0.0932808913275891,0.0932808913275911
-0.06869698936709795,-0.04575086694754238,-0.2196809378282343,-0.06455232559404898,-0.18996334778897794,-3.0368629113495356,-4.833157566303821,-0.33650295379078443,71.56227348643999,0.8909273860791268,-0.200018109647222,-0.0014994127550802538,0.01731513333014334,0.1785481970801137,-0.01903464059130955,0.12075735542205113,-0.00048236691124525777,0.08171426043419949,9.931193451362397e-05,0.03884916899467872,0.03884916899468127
-0.07874332401650772,-0.060979423121030746,0.008464412945569433,-0.07492955818070862,-0.06821130683974828,20.018031749251357,3.609728365669305,2.1335415677174723,-54.194393580790035,2.3347741469575922,4.4497722202455705,0.00483401371016845,0.0438566714286861,0.27237766461282753,0.055035755584305734,0.23377578019852563,0.009391476320277703,0.10107708179903374,-0.029107150358477663,0.002193314589106654,0.0021933145891037675
-0.053152875185711775,-0.035669920536706534,0.14941993791151437,-0.007614127849111314,0.019231653916219005,-17.441988386252323,4.781177367760508,2.6888722915902434,24.09327333727912,1.6066011146848744,9.07755747918565,-0.007726243936240884,-0.003081177554853598,0.17539467371984152,0.026128511627175,0.3255744785723228,-0.0203899367000262,0.011265893870260002,-0.08220059469113372,0.005392583230271586,0.005392583230273473
-0.032318770571329605,-0.025080509511430774,-1.418073095696284,-0.01898576572071782,-0.2923630248070099,-8.57770489032386,1.8071539953245015,-8.649007370369006,36.124373654998436,0.5769736480320602,0.5645846296330541,-0.014153704549138446,0.04381534762919004,0.29045460827158065,0.06206429600284902,0.3253072867587179,0.008612678917584327,-0.0833179587347006,-0.14657755033271513,0.18560318579330004,0.18560318579329915
0.18978678104570812,0.03694893608806599,-0.13458203065526453,0.015172004950999012,-0.06836684217535349,-15.566386722811476,0.9775265727672938,0.12395840515708301,-2.398951226368581,0.6150402850230443,0.6609243194333629,-0.01107957319498376,0.04951996391031521,0.1397539755236199,0.06247404256792821,0.0075242730260138835,0.04923740519267328,-0.01420255702663309,-0.030968980944724,-0.041683818560186214,-0.04168381856018799
-0.020715548649593556,0.09072825498560605,0.976859171264442,0.025633469882347354,0.08531342620096022,18.49414229068489,-0.008840460544830897,3.892491372921839,45.9546498888045,0.7329695354972467,-1.328738366281943,-0.001943592331583588,-0.0025755412962285007,0.04206983199811409,-0.016440784224013294,0.16634977053016264,-3.185567237018461e-05,-0.09938799590206293,-0.05162397063495949,0.04687887973352001,0.0468788797335189
-0.13377504819104036,-0.06094372098647785,0.38467247530221804,0.06823733931726444,0.1226310091162064,-7.194742237714227,-7.3334262141771385,0.8289160289014603,8.380841564756956,-0.3294889299285573,-10.884542491613201,-0.0480882761816952,-0.011717832828164187,0.3024400759192405,-0.08423835390380419,0.361949355284237,-0.06137366582821935,-0.10888083387000003,0.0345409387079223,-0.029737158856167456,-0.0297371588561699
0.11560817751569896,-0.01635034308943739,-0.14648478243022756,0.08848032633575906,-0.20535964651737448,9.152801188307789,-3.0652271764443153,-5.237921324253392,-73.67240187016282,-1.9870885012746689,-5.535867743014607,-0.0041779296693402745,0.019719247646205806,0.23097903498387717,-0.04269331316046143,0.15581522186984897,-0.013130646163345583,0.06815029431004527,0.08569192276380189,0.039095718849392114,0.039095718849394556
-0.07511928311003599,-0.04966394051584733,-0.20821566863119395,-0.010525672715859496,0.3313440768513011,-1.2286103150892949,-0.8372405472427609,-1.2775895870810814,16.408687900390227,-0.9945153335517651,1.4378435167181687,0.031385683864668446,0.007628529723265887,0.24604437012725233,-0.0686614927703576,0.4595541469925707,-0.019611664023561515,0.12866996777434325,0.04894257251090128,0.15390165906710773,0.15390165906711273
0.0841552944728938,0.02883328655230641,0.04913414574417718,0.13342615905671162,0.09374496018913886,-14.976837578070795,-0.7790780680601224,1.4455006053609907,-49.39301046172881,0.5234630813235901,-3.3044852759302423,-0.009870637186313758,0.09062677490263726,-1.2191169895251308,0.07465093436240111,-1.0617607708480068,0.009615552321920573,0.11927225699323973,0.0976922699190631,0.3740941569534644,0.37409415695346404
-0.06688751363083031,-0.032776871645954,-0.01928216652514625,-0.05934029714553332,-0.2087127119451907,-12.108789538227237,1.2283850279052135,0.6597351725998521,-93.5907352902986,-0.0706462087444768,2.4604157963170303,0.02073864472337994,-0.03940993858151698,1.4046035539061652,-0.014257277808562563,1.3272284762010758,0.011648084196766995,0.20141049725654525,-0.04836108419681229,-0.15167271685299855,-0.15167271685299633
-0.1039722621224616,-0.07969611404959381,-0.33655546646743506,-0.04984129126675479,-0.13453974006743658,-0.4342429020911176,5.072722160308192,3.1612309583807416,63.434360447858666,5.1259586067637954,9.024351090509452,-0.03224362250726953,-0.061757527930166534,0.38664387169116976,-0.12958514164830637,0.5637135775987128,-0.009500588023951151,0.0765634094295935,0.14059817971883481,0.33597197998476125,0.33597197998476724
0.16514085496883443,0.10864754483608155,0.5079388979390842,0.03605107744864561,0.12285418043919771,18.895041895978718,1.426622803878389,-0.33812468316074273,53.3364288459028,-1.5168641671814909,-0.5329229428864357,-0.010457881205123698,0.008698064988931442,0.31365440439973735,-0.01165334432312326,0.39198770401174765,0.01134109763558011,0.003940938178516262,0.01883545478919435,0.10175815225984908,0.10175815225984475
0.17174121252774355,-0.044839305228967646,0.2520487248282396,-0.13380707450655788,-0.059764226498320805,6.867124163276307,-0.859656319694724,0.1809448335932018,-62.09546824245798,-3.184184478495987,-3.6233669600348923,-0.006950500605679366,0.01897147168953639,0.42346784944270555,-0.03726963615496848,-1.2084773348650664,-0.04409323317324332,-0.0791447129467564,-0.014681414479634114,0.14961102966613327,0.1496110296661297
-0.09861314910632596,0.01024776492529697,0.08654287323698545,0.06750415530719901,-0.017675651234443694,3.872678002385998,1.1572744380192983,0.6347205023516693,-7.77002715962503,2.6402441370688945,-2.0559591509076425,0.11748803346985592,0.0053429438407248675,0.6388997825285962,0.006814017492513091,0.3042480897186328,0.008468367682616273,0.0201878187610659,-0.07352375410170664,0.03864893529057256,0.038648935290575226
0.15035218527916355,0.17814375507710017,-0.42991243201000273,-0.0032063434180302636,0.08764547324238779,1.42920055733406,0.1520792677702003,-0.7476253493798453,13.273477732446437,-4.591333633416783,0.5364155954548249,0.0803393755168964,0.0015457139764412098,-1.4286264771746047,-0.016500152789250766,-0.12544047169772476,0.030097814925798883,-0.009613456631928807,0.03983108940824476,-0.12417074825539753,-0.12417074825539576
0.13763099599385042,0.1580096416622819,-0.4246877732329185,0.13534561482956106,-0.6226013817737354,5.846874039316383,1.9584712484535913,3.734123358721419,-100.97945759487234,-0.7043499254653254,0.2851589882874084,-0.022799231004515974,0.06426295295169826,-0.10856558897908553,0.0956373986414003,-0.09185989530977323,0.024604994265564728,0.22038849774923697,0.029753266937682543,-0.0938635358498574,-0.09386353584985474
-0.10480017739660266,0.00036552384747998157,0.8852408189029956,0.18748565506513362,0.1838770391690724,4.003166513026397,2.2693497297035936,1.904725997413962,18.5046635906375,0.7180844301167433,2.9900505902846968,-0.030841133567874657,-0.03818921402590303,-0.37998870189853884,-0.02821780287608444,-0.41040508187908975,-0.002281904770235599,0.22333433110880507,0.03681457085890194,-0.19803970738899812,-0.19803970738899213
0.1657741207959258,0.22567520564331608,1.2141849351684155,-0.08049127916590466,-0.1064849208041111,-2.723923492589821,-3.816798473183802,0.8420802129777059,-21.13443014961861,-2.9368335857364203,-0.8439788171719025,-0.017179413467079074,-0.031061453400292427,-0.08591543554570258,-0.037531781309946055,-0.09757461652956634,-0.0417305625601081,0.26918338287915267,-0.01256944126327153,-0.02137789340117502,-0.02137789340117391
0.139094484777488,0.08220000264219254,-0.6131663927877075,-0.1227518259177699,-0.1798546539756175,-2.7344680979108507,-0.30883812924758747,-1.0737923980987318,104.94718075385056,-1.232833714873931,2.29161274656491,-0.0380087908210518,-0.05470609279918803,-0.1926544437487121,-0.05039342525216162,0.007439625225938773,-0.04564912543819322,0.20075109634157817,0.05367587001024754,-0.030439693353328412,-0.030439693353324637
-0.11641507116401922,-0.08509287480362032,-0.4241727494367876,-0.05809057017131997,0.14832700949775945,3.3570518588083402,-0.5031580828430906,-1.3014742564988637,-26.980959762026867,-1.6401160259527883,-0.7389635399712233,-0.014275380840312213,0.0766102390006107,-0.04046493158193187,0.11257873185119505,-0.08744952325747257,0.04117272196287769,0.3025141835476134,0.05577808727735678,-0.11684574586356877,-0.11684574586357166
0.12226654485266816,-0.2113035454065531,0.7301905990579387,0.05662707248574589,0.36461584869646047,-11.626392520518422,0.6768707671835514,-2.943301778767193,15.199162191667345,4.650961246174704,3.8184183116659067,0.003305656069652718,0.00626556623773844,-0.03710107060339074,0.0843324693000882,0.009166628991920334,0.02983186893467149,-1.5800534928272807,0.025188813768106888,0.031218600308857702,0.0312186003088597
0.05410671091334123,-0.22953111434262757,-0.0700994453090763,0.042941845265575845,-0.058866416309127645,-15.426805565315224,-0.985403698452842,-0.21366171621930619,42.92075094842021,1.182253561634467,-1.2598223028496278,0.06527856466695392,-0.09534614664643093,-0.3217580570878178,-0.05499054186759611,-0.012674343038033276,-0.020097567927533255,0.031126486915224127,-0.11802715560737487,0.169943379089031,0.16994337908903012
0.018799202876490777,0.15137903910902487,-0.8673601320707512,-0.07963743962410011,0.10779181898478069,-7.911198790989946,1.8307152151386425,1.447930668145915,-31.18731562462147,0.05356921509584289,1.8069013448244489,0.05722979092002756,-0.07940291929673204,-0.3353009576813146,-0.0993569554382302,-0.30966930673038673,-0.0018511545171571164,0.0814000024912993,-0.07518515976554996,0.007126227618647785,0.007126227618645453
-0.05624876281471981,-0.12251788367170678,-0.12070540686206907,-0.075362771559466,0.15488232123143153,-3.3900864562560846,3.698868668274785,0.8909949438854738,14.18806196578806,0.8263156919527435,1.4438964849118285,-0.03003147448468102,0.007286123358267282,-0.1653978790694206,0.016672808635550762,-0.2768028426294614,0.03685873900068459,-0.04503895257731749,0.10912670452402828,-0.19523231566008858,-0.1952323156600888
-0.003456236035181647,0.1780358707573853,0.4155311195175294,0.06870320570348329,0.10404266694101566,1.745233660205452,2.7916812481261655,0.8213863515449304,48.94723581510096,-0.4652769988334158,2.4464084024043364,0.016771540048803102,0.007769606150594299,-0.11961621546236012,0.004756145308116855,-0.10952562244980013,0.019256081251746937,0.019443935823883596,-0.029920513946869898,-0.04649518945082409,-0.046495189450825425
-0.066617865682345,0.01969684248739273,0.3665721184450108,0.04048600416622318,0.06914501732180373,6.74474869572715,-0.6160275037588283,-0.7010546476603565,42.313197449830234,1.2577820368506585,-3.024972974506224,-0.03225940476573763,0.013536800141496164,0.03005267402767786,-0.0048283827136776925,0.021077277311609466,-0.012079902305817347,-0.1105985520579702,0.011491928010758934,-0.09069041738637917,-0.0906904173863825
-0.07540293002283435,-0.08196136102416637,-1.5740233754387878,-0.018728697985305735,0.2222766978333499,5.236018528222829,-0.18592039922592463,-0.9647441270945336,6.306533243856698,0.40248061618610165,-0.01844452158479637,-0.023020337586942663,-0.03735224525873626,-0.2025843375215859,-0.0340605553394242,-0.24074018876453407,-0.023434523141220964,-0.07812373583705601,0.03193080856261121,-0.21955761654156203,-0.21955761654156292
-0.052683944323168294,-0.05091588849427969,-0.11762898061233115,0.0646901578736083,-0.33934927914865354,2.7122644464561425,-1.017751578661911,-0.1990855452744711,35.9786365411888,0.13288181246685515,-2.407768776416999,0.0044318719428655395,0.04039135980519237,-0.19993282741725538,0.12358545249079467,-0.3392762413080197,0.05111347432287816,0.042638061384012715,0.010814614014174495,-0.2281995715166676,-0.22819957151666626
-0.013487723287631575,0.04443402795780811,1.2266656733774712,0.063316781260468,0.20674818195139757,-0.07013917539577008,-1.6475277145316696,-0.8139971684862815,-23.338701415870787,0.15258175877679103,-2.4085004706427133,0.01963996405202728,-0.030177837262798546,-0.23819923361512485,-0.03410495822480786,-0.27476378585183514,-0.009730909979702718,0.026945307095432858,-0.072916773609502,-0.16306487209676068,-0.16306487209676201
-0.06665820842602325,-0.01374991958901664,0.20126786639860414,0.1713885914861905,-0.12789185761986654,1.6818486578780583,-0.3199933438956071,-0.9736444892500629,-35.506915841443515,-0.290618394482711,-0.6182668973964596,-0.015223940192264696,-0.07123741804719463,-0.16399006449659925,-0.08589923856010906,-0.08230577265650574,-0.05436650312069968,-0.04711769847528546,0.017592620954025473,-0.08941872826104103,-0.08941872826103969
-0.05896569870659664,-0.0832487231731722,-0.4254969582893774,-0.13206652171305636,0.17761238369322055,0.7644871933891988,-0.187876884045736,0.9543761325294327,-8.322888960513515,-1.4768409096693418,-1.6094034844284058,0.004559521731702043,-0.049114181348884234,-0.1869512206553423,-0.07074909467475465,-0.20810172800171156,-0.023054093753503535,0.028338970423786636,0.006437985242670585,-0.0717368150922153,-0.07173681509221108
-0.056464911290020556,0.0015176537174858007,0.056646113978386425,-0.2322088887681946,0.4440018586597307,17.994477259823025,-2.862890457009975,-0.2923148034933405,-13.186806649643364,-1.551677860699604,-4.032317383012803,0.006902464177863221,0.07433502961169802,0.1462110611209162,0.08115509822388867,0.12405265163082535,0.023782136778303542,0.10353769813566549,0.03331240970560523,0.03501129174826856,0.035011291748270335
