step,timestamp,N_scenarios,p5,p10,p25,p50,p75,p90,p95
1,2026-01-01,730,1411.2532233895615,1431.8298855447306,1452.9212557499877,1481.1468302233945,1499.420567867256,1530.4198899433432,1544.5608872947353
2,2026-02-01,730,1389.2230192305592,1422.29769279517,1446.01681652394,1479.9469961313293,1517.6836715097338,1553.5012815598404,1579.7952699356135
3,2026-03-01,730,1350.75346146932,1399.7228776618892,1446.995260473098,1486.170134235629,1527.172476692695,1569.5998141224375,1605.595043545527
4,2026-04-01,730,1341.45898622393,1388.3327605571728,1442.4680183838268,1489.2488450178876,1543.4499532971874,1591.5135426013317,1628.1889772575678
5,2026-05-01,730,1338.6580806449133,1385.29945784884,1439.3679274329197,1493.1590133292461,1553.1654064685458,1606.9512715397486,1643.914202878122
6,2026-06-01,730,1331.849851132846,1374.0876415660955,1440.103657772089,1501.7550018887998,1561.9285631864107,1621.5891686079888,1648.248348967245
7,2026-07-01,730,1318.6331204514106,1370.0741570750524,1431.9374044584008,1503.5129592499566,1577.5550777005221,1639.0105916880284,1671.5009272641348
8,2026-08-01,730,1314.7854021970354,1362.365275847894,1433.4635586614106,1504.4327571632757,1588.4812952225802,1653.5358063865697,1685.348175932807
9,2026-09-01,730,1316.9988344522606,1367.2188081613526,1436.0070738953448,1509.5731977070077,1602.1162991987494,1668.775006929651,1708.3192915671061
10,2026-10-01,730,1304.4836985019062,1355.804086507596,1440.8455202438638,1517.652580017047,1610.2986061431723,1686.5858077982807,1727.6508514186175
11,2026-11-01,730,1301.538118941206,1351.888365595346,1445.0284894480478,1525.9035400158104,1623.2209151829597,1699.0751744061208,1746.3739926394642
12,2026-12-01,730,1308.3125745884183,1357.3230869366898,1449.4008078331735,1537.510579279095,1632.2841743744752,1720.0346543695098,1767.001422402989
13,2027-01-01,730,1312.1971347985195,1353.9260022685553,1455.5203031917056,1547.8069621681298,1645.9734186745918,1727.8024552765094,1785.5043573855273
14,2027-02-01,730,1310.237109651533,1358.024984842341,1455.9724870995842,1552.4283028113723,1658.5989158559194,1751.4085501494317,1807.6300395123008
15,2027-03-01,730,1316.8246937346094,1363.9785035442956,1463.9684374649573,1555.5409951127208,1667.109447219082,1759.7785587146243,1821.8950674584398
16,2027-04-01,730,1302.5208857528007,1361.5813787831821,1459.2522089423842,1573.5079373420494,1679.0732862282393,1780.0109282938047,1835.0537399563127
17,2027-05-01,730,1296.6803613815198,1355.9645062654279,1463.846129543071,1581.1096666213762,1692.2914381453415,1790.7028980338982,1851.174680937434
18,2027-06-01,730,1315.1254466474159,1360.2404661625812,1480.3495520293113,1588.8365766027846,1705.3332426812624,1801.7446980668192,1864.268685867428
19,2027-07-01,730,1311.4364463553204,1374.7328091783822,1481.334482587456,1594.4526888162077,1723.0398664823533,1828.9418677847473,1895.0088537944318
20,2027-08-01,730,1323.230854294513,1391.7295864742512,1491.435294146571,1608.242708312434,1729.32061007663,1839.8247848776145,1926.0433845868406
21,2027-09-01,730,1323.785946320121,1387.274602344121,1502.767746833925,1609.7033721335933,1742.0350559985627,1860.18297272683,1935.1027248745704
22,2027-10-01,730,1332.8774652790835,1398.7274307993484,1507.3977383729543,1625.76656155193,1754.596340518709,1862.8956249154396,1949.3061555220763
23,2027-11-01,730,1337.7409023627129,1406.3021634079353,1518.984669030128,1645.1542268982016,1770.2953112591133,1887.8522891840364,1963.0440832391503
24,2027-12-01,730,1342.0171357885433,1413.1852097050362,1524.6757329521963,1653.809798869691,1785.6947594217181,1906.3188260988304,1970.7273207272274
25,2028-01-01,730,1347.6277384561572,1411.9437613824127,1537.9110890597017,1662.7399420893391,1798.6865385004676,1932.3959765998216,2014.0195725905157
26,2028-02-01,730,1344.0069705936446,1423.2493323644662,1543.6125863575653,1674.8843472668382,1811.8721567872478,1954.2254666378622,2029.5939545278277
27,2028-03-01,730,1358.6554175647057,1419.0719982182127,1558.9218137870619,1685.3661348522696,1816.7520302486973,1955.7541391664975,2057.8833217960027
28,2028-04-01,730,1368.7554277802462,1436.3129052657655,1568.6184629134627,1693.0022679201325,1838.4947413737045,1986.3641201417927,2079.9678355412916
29,2028-05-01,730,1382.4425583272198,1445.5937683770767,1573.2570164251952,1714.7666361870984,1852.789510974037,2003.3106064471335,2112.3621828387704
30,2028-06-01,730,1369.4377066861962,1440.1113128548632,1580.0338948428846,1725.209980230006,1880.4930984066873,2031.4253491213271,2120.5884293673375
31,2028-07-01,730,1374.8798132288932,1462.169090650469,1594.615806718829,1732.8440623297765,1889.9030396436272,2036.578789960999,2129.648465008211
32,2028-08-01,730,1392.137899867655,1470.7615912990964,1612.075276271256,1752.6153278554002,1906.8168473204692,2035.627310498622,2146.172699693153
33,2028-09-01,730,1393.002276302282,1475.0617230287012,1623.3671253414743,1766.815102103833,1920.0814577071915,2066.6767926781004,2150.8301347085244
34,2028-10-01,730,1415.4580978092888,1477.0673788229726,1625.7319529632236,1778.1714658085218,1931.8789120074848,2079.542020273369,2160.1146427633907
35,2028-11-01,730,1401.7289846047777,1493.8348774087701,1635.7763749729922,1795.5856734804188,1950.330258546998,2103.2556452835192,2180.2890931184515
36,2028-12-01,730,1421.0888200203185,1501.2709359570285,1647.9265872462229,1800.3363161142945,1974.343441435637,2122.0724225653,2188.8369382289015
37,2029-01-01,730,1410.6109514290076,1508.536629201215,1654.3683714272297,1821.8548088380303,1987.6260685308903,2139.343559382879,2216.2155709136036
38,2029-02-01,730,1424.6898937244816,1527.0675142496216,1656.839718421042,1828.8799265360663,2000.2868719349085,2161.3208982373653,2257.7981291312703
39,2029-03-01,730,1442.3640206963382,1528.070646195531,1668.9960044238765,1846.1897633956187,2023.0696073404004,2187.6872423576738,2280.6356098440215
40,2029-04-01,730,1457.894620008918,1539.6242429589604,1673.427294563603,1865.161764624815,2024.4511215442985,2195.0466205881908,2311.306265889854
41,2029-05-01,730,1465.8756014251076,1548.6928098619464,1691.866676708415,1877.5608375867314,2050.3327782905676,2227.598367106931,2314.1931944349976
42,2029-06-01,730,1469.9413689229182,1566.1703094961993,1702.4056625003104,1892.4793680978169,2067.3284721090913,2243.2329587121976,2333.509380616477
43,2029-07-01,730,1464.2508889923329,1571.2139956735218,1712.0069681454297,1901.789923143225,2080.8837985826262,2256.0927944951973,2367.7314664668893
44,2029-08-01,730,1483.6692028732666,1583.502300380498,1730.4421058088203,1914.4449090448593,2097.215902701786,2277.974436083784,2382.785786815607
45,2029-09-01,730,1500.4414691469217,1604.074095088506,1739.0545937969293,1928.7151632470452,2115.5799188579,2283.5929322839606,2400.9946886560815
46,2029-10-01,730,1518.9166831321381,1604.7843161825724,1764.10094438282,1938.937058547349,2139.3886297313647,2303.962725299494,2432.798153755879
47,2029-11-01,730,1529.357059797394,1623.7640276625139,1780.0230034720453,1940.6975087869075,2159.861522703562,2319.316048099345,2464.83784632769
48,2029-12-01,730,1539.951920940215,1634.7699963766165,1791.71379529777,1961.4290501887551,2181.5866449577225,2348.048433105877,2461.7410357113454
49,2030-01-01,730,1549.0620643744428,1643.7464009217485,1809.15494811175,1984.0373666142543,2192.197115866756,2369.702152673284,2474.805041024248
50,2030-02-01,730,1544.7855336345247,1653.7738964007597,1810.4528640451797,1990.239624961166,2216.8857433585154,2403.693813557622,2495.5584125188843
51,2030-03-01,730,1569.861493759787,1661.4469126664367,1813.1311189687333,2003.1429411260135,2234.217218459614,2407.2409627030634,2508.537019236704
52,2030-04-01,730,1566.9003028267969,1689.575762129936,1839.5278520172687,2021.8729437827626,2247.5277918390134,2412.502001975271,2533.0617336956484
53,2030-05-01,730,1585.2272839387747,1692.2089728854567,1848.4819947132048,2034.4561518109301,2263.2414880532415,2445.0726089050345,2563.5811057395645
54,2030-06-01,730,1598.989158743144,1706.3620711942199,1857.2203602444822,2047.5814369709856,2277.1250216231683,2445.8442577441865,2585.402660732804
55,2030-07-01,730,1590.3951905105043,1713.3455361437702,1874.646605597689,2067.5496093524985,2291.727544936585,2476.309975329679,2593.67289422072
56,2030-08-01,730,1603.2191057450834,1707.167444707375,1880.694643950099,2103.688122346364,2310.8016545531086,2493.386313482528,2618.041172912599
57,2030-09-01,730,1603.1192729224906,1712.5369171002885,1890.583822470468,2096.407199955922,2328.9154440961547,2489.8474246430533,2638.6322501159525
58,2030-10-01,730,1619.8267558802627,1728.616435642687,1901.125194745802,2115.3830068681577,2346.8422375065725,2532.3993791689377,2661.5574624366477
59,2030-11-01,730,1634.2070244183876,1735.3147649681937,1924.1116059770334,2130.799613569936,2361.5315684306415,2559.3511084410557,2669.585703954141
60,2030-12-01,730,1630.2277090185175,1744.411465208524,1943.8595277445231,2150.1504018140295,2374.1677777982286,2580.1321867034444,2678.5525155723158
61,2031-01-01,730,1637.7928161793748,1753.7195357553815,1947.2622080073238,2169.697186086303,2391.530949037474,2594.618027604938,2732.7269592226075
62,2031-02-01,730,1636.4026042155838,1768.8234703139512,1964.825712836085,2176.117967433409,2408.3103422394424,2612.031879957951,2750.9221673100765
63,2031-03-01,730,1659.2050460665023,1775.723120184824,1963.6964841304978,2190.7131670111066,2419.787171621219,2624.6808689579834,2764.2724114105617
64,2031-04-01,730,1671.8897887698568,1806.2151188625464,1974.0999666251162,2214.540763864878,2444.7606762242604,2624.5785628374288,2811.689391013643
65,2031-05-01,730,1676.5953811812283,1813.106438008786,1994.0020132395332,2232.0613881580657,2461.410734457636,2657.9861498232017,2808.6780163814938
66,2031-06-01,730,1676.8948233192955,1805.7920476561637,2004.1478991714819,2250.012449788578,2478.205103637226,2682.0382459446146,2792.002356818323
67,2031-07-01,730,1692.0363928463546,1821.669937836618,2014.1409875874037,2265.079695883236,2487.6674519761996,2718.412705080449,2810.8719827539203
68,2031-08-01,730,1706.1989133307227,1839.0549959165005,2025.064106108551,2276.3661558874733,2507.6549476489517,2736.5740532402206,2839.5530891026765
69,2031-09-01,730,1717.6534957960432,1850.4386232441714,2035.2483142323645,2289.90136741685,2523.6678082948993,2739.0632627728087,2851.8616676790107
70,2031-10-01,730,1728.895786387962,1854.7518022681318,2049.333310606685,2304.9681267320757,2535.2400344535063,2765.656254538275,2882.3461764550393
71,2031-11-01,730,1729.5627516631162,1872.82617051123,2057.5987807649162,2315.754622101439,2555.973979602449,2783.361708870724,2907.5410331917387
72,2031-12-01,730,1747.8560154672684,1882.137263040917,2071.7222619693857,2323.748425858603,2568.456934571864,2797.3810736837668,2919.99157509002
73,2032-01-01,730,1758.1631548328226,1891.7100885226812,2099.7767466275172,2355.20745905588,2596.131392884824,2812.0348751847823,2944.6715042600467
74,2032-02-01,730,1756.128485886167,1915.5416886321793,2107.5374136797222,2367.568317518603,2607.061461166075,2825.299990907005,2960.323115989153
75,2032-03-01,730,1786.7967524004891,1913.541241932218,2135.492345281459,2384.075809312573,2627.09192586069,2850.962465104112,2959.82120027745
76,2032-04-01,730,1775.8612465890901,1939.3643886696066,2154.380148905704,2396.972882513812,2641.01627971383,2859.502033028842,2988.8401868300652
77,2032-05-01,730,1802.278978651408,1941.0557997021376,2175.259494498549,2413.167409517202,2652.558870066793,2890.5234164853696,3000.49176675168
78,2032-06-01,730,1813.7474697399057,1955.916440998389,2188.2716655045483,2428.9219401262926,2686.2872851630264,2899.145660828902,3035.9622916829276
79,2032-07-01,730,1816.573541284391,1961.272172534293,2199.0232600075283,2437.5148604089486,2699.971672450485,2916.834140037261,3042.475579829342
80,2032-08-01,730,1820.7780507040982,1975.0889056908907,2212.3468084057213,2448.4881510275554,2730.3896247179605,2935.2144224555423,3049.300806121888
81,2032-09-01,730,1827.7809929927284,1977.9302662809373,2217.2675698078283,2470.3965696240466,2748.1262884481644,2956.2978466080453,3067.6818750131597
82,2032-10-01,730,1845.3929747357718,2003.8178488185256,2234.8910110214238,2494.334522193523,2759.9238835803462,2973.778922462595,3090.322972297994
83,2032-11-01,730,1853.769782714207,2004.134944828612,2254.420009099074,2505.4879145942064,2775.7538663174205,2983.5088083215087,3114.1235242718117
84,2032-12-01,730,1867.489516715157,2014.9254482925244,2267.9705799028766,2526.00350668635,2784.005541734293,3023.0489219994943,3134.1709732443187
85,2033-01-01,730,1883.0329895364832,2023.068510061671,2272.052978069718,2537.105590111226,2802.6155179389616,3034.8098199190126,3151.8460209954214
86,2033-02-01,730,1861.5391510676425,2028.7901640221141,2299.527182792357,2550.9198401879685,2829.229792589826,3043.269281282148,3154.577883314835
87,2033-03-01,730,1853.337534375087,2051.010416112622,2296.191001551882,2561.1902214367374,2840.2369800438446,3058.4173348392064,3175.702907533712
88,2033-04-01,730,1877.5180407715661,2054.3567869017397,2317.0388043979083,2584.7255393421988,2865.158899896047,3085.3845499459358,3176.995059870573
89,2033-05-01,730,1899.5710352710782,2082.6559647398226,2327.4199781647235,2598.1509464735154,2885.018057755934,3099.972241116773,3223.5901023761526
90,2033-06-01,730,1928.2578213068975,2073.4569664876744,2342.1664226818257,2611.221493618041,2893.918687810845,3119.7740706666373,3251.908120438546
91,2033-07-01,730,1942.6201410171057,2080.886655798809,2358.900352290832,2634.6603278105968,2923.018269961154,3135.4983039233375,3284.462224240257
92,2033-08-01,730,1951.5684713912626,2106.917424080358,2373.522116433665,2650.7710796245556,2932.8140455541425,3162.0020903889194,3287.1553485007425
93,2033-09-01,730,1981.4551179506063,2112.23345669551,2390.6786628688064,2670.0666822505627,2948.1798202841273,3166.4629140093,3294.139250357654
94,2033-10-01,730,1982.322558901877,2129.5349679140913,2410.599896092144,2671.1099954149895,2958.8355943395827,3201.773906957851,3319.4713232455374
95,2033-11-01,730,1987.548016206218,2123.33640903704,2420.7152753903197,2679.7449788535123,2981.636176515891,3222.61148606545,3344.8782397695004
96,2033-12-01,730,1996.5540117669518,2125.3288794057758,2434.0102041908935,2703.65055527293,3002.4578172995375,3244.620944363281,3383.559985704891
97,2034-01-01,730,2003.3509308498685,2131.104467898923,2441.565434010423,2725.491591362182,3006.1334750602355,3261.7751094812616,3398.457208824669
98,2034-02-01,730,2022.1642724877715,2148.9956879674646,2458.903692259463,2731.0911316140414,3026.16492373873,3276.394670842705,3418.2109211155835
99,2034-03-01,730,2032.4909666515985,2167.8681952679476,2465.9368302283947,2747.6679983224076,3034.3212186245296,3298.010981443948,3423.1005578247327
100,2034-04-01,730,2027.7577592836494,2187.700211694565,2491.219441322939,2760.851336032359,3044.954615359351,3336.894095741157,3426.449020343926
101,2034-05-01,730,2036.1491887891407,2195.6462860429056,2498.845650786171,2780.1415922866663,3067.8267902444086,3343.4338951060377,3452.8610117506073
102,2034-06-01,730,2031.8969951851416,2195.2114915858765,2510.803245993421,2789.1002487513615,3078.7014893379755,3358.1036208149053,3469.3972135913737
103,2034-07-01,730,2036.34080664188,2213.2214836823778,2504.0785763344766,2811.2336991649204,3106.703535829475,3361.144420397384,3494.126626955371
104,2034-08-01,730,2063.7810386770966,2214.9811846428775,2519.869618360304,2830.1633196411276,3109.5680943626,3367.657041723979,3499.9018442121883
105,2034-09-01,730,2087.6679032304846,2231.1969212871936,2529.427094940811,2838.680445480377,3125.887279037597,3399.597827690748,3520.273262085949
106,2034-10-01,730,2091.099932206508,2251.743830685992,2558.964566304732,2849.6491667410855,3142.909484594769,3410.2586592969337,3534.485170915326
107,2034-11-01,730,2131.3518699696165,2277.400882009663,2575.6800088510454,2862.9446478121026,3166.8486839358397,3427.9157663766523,3544.5327458445954
108,2034-12-01,730,2119.4455883155147,2277.0690261470754,2589.2154605036458,2875.6348720366627,3188.622149014395,3438.8911915828985,3572.1761368806588
109,2035-01-01,730,2146.577004082245,2283.8039853213013,2592.9193960447965,2891.779577858089,3198.246781954391,3455.360402902351,3599.920958443882
110,2035-02-01,730,2144.866250729719,2301.2375929172244,2617.646877286906,2899.8806325423693,3213.8877623201074,3468.340461431421,3597.5879936544766
111,2035-03-01,730,2148.991852717376,2323.3860008256593,2624.910630168739,2917.2205051579053,3230.8239947845677,3484.8690788150116,3621.4779162447994
112,2035-04-01,730,2172.84581192263,2312.7033017984904,2632.3480665322354,2923.38235408881,3244.6839545991825,3490.321610922427,3649.4682589498407
113,2035-05-01,730,2159.391381249248,2349.2677481569563,2650.5674809083644,2952.21573775833,3256.262907217554,3522.9027904771683,3654.555815571814
114,2035-06-01,730,2192.5967033927213,2361.794923450825,2662.022835006857,2964.6582919603507,3273.284693350668,3522.157321075509,3672.7163609201466
115,2035-07-01,730,2217.157703241293,2367.286831889837,2678.2622135868305,2986.958295978081,3290.618798514447,3533.511474020343,3687.4518727470313
116,2035-08-01,730,2228.8116905552483,2375.926740704334,2686.1893887098977,2995.050068647677,3304.596113907376,3553.991379465287,3708.955287152279
117,2035-09-01,730,2232.5144060149028,2399.952661538143,2699.0504508700014,3019.680098876107,3325.221582054572,3570.2925334617753,3710.4895682339566
118,2035-10-01,730,2221.4140222916235,2391.8745742630726,2717.014805768943,3028.8728705228477,3346.1825894357744,3585.7663228346537,3715.9644322860577
119,2035-11-01,730,2240.0528761709134,2412.463948353763,2724.5705584469306,3050.1773897173925,3359.335173363741,3630.6953801794834,3725.230342941892
120,2035-12-01,730,2248.605654178411,2404.448070913044,2740.2999338592817,3060.863813957398,3372.4916357802467,3638.9427842641358,3749.056844345862
121,2036-01-01,730,2259.6937511801643,2400.4038534744986,2743.8219913024323,3076.646712102677,3388.1853106439335,3634.9443828137446,3772.537796532914
122,2036-02-01,730,2237.8351949803573,2416.3294469061993,2750.844896979124,3094.5557739082096,3411.215929339125,3649.363977677898,3818.6692573460127
123,2036-03-01,730,2268.8761524523943,2438.9135834055883,2770.954261940832,3101.0821971284854,3428.437084621819,3667.5426039998715,3816.1232631349217
124,2036-04-01,730,2273.8832097917725,2449.0324637045096,2779.9303343031743,3119.3691986501053,3438.7517083482962,3694.8420057015346,3870.500552826112
125,2036-05-01,730,2268.7454738978263,2471.496052990235,2799.01876527186,3136.471248777223,3455.3870959795454,3696.556060894786,3888.8569314816095
126,2036-06-01,730,2294.6518079111443,2474.034711165052,2808.800350907008,3148.4415541837125,3469.9142495154365,3701.8130658394575,3900.5167292033652
127,2036-07-01,730,2300.7940661779508,2502.3218986902484,2821.0406857143803,3159.320531030635,3489.3707012328423,3725.221019924806,3927.8523814621444
128,2036-08-01,730,2303.3005618266475,2511.547469881054,2823.594966484836,3173.8510056472833,3504.5791627936987,3743.907642814033,3937.983889486821
129,2036-09-01,730,2325.051917409658,2531.791760821504,2835.1540567085294,3189.925261507712,3525.619797733576,3747.857424131268,3957.722603853619
130,2036-10-01,730,2325.4276713415893,2544.639066651633,2855.6176431291788,3197.086621980312,3554.811700881821,3791.1704789447704,3993.2030439625605
131,2036-11-01,730,2328.078780301326,2555.6448703296314,2846.1954305760596,3208.0101827745966,3552.311062555425,3817.834362152416,4024.2867288375464
132,2036-12-01,730,2338.6418998525533,2571.2642768304036,2859.1633767178014,3225.435742408598,3561.3954444952783,3828.7119741161227,4000.5837188689165
133,2037-01-01,730,2366.534013203353,2583.878979300654,2886.3289611166842,3238.1956082680445,3574.2363694198616,3844.791464739191,4023.6404379607575
134,2037-02-01,730,2366.7985696626934,2590.495562677547,2899.8779675422097,3253.400670919108,3587.63341599448,3851.060093153848,4045.5122055113156
135,2037-03-01,730,2393.8790531621976,2601.6639578730415,2911.369793283876,3268.8997554011667,3615.8695257221216,3857.0255328136313,4076.8428110316513
136,2037-04-01,730,2378.831534517979,2611.780818095994,2938.76633092008,3278.7496398802973,3637.3493219161815,3896.159244658598,4076.8433094255392
137,2037-05-01,730,2379.326579975249,2612.871368165631,2948.5354676263532,3292.544478056885,3646.427517458673,3929.555121700212,4127.78412293081
138,2037-06-01,730,2412.3204642555297,2648.0217897129182,2968.9425679425062,3304.051561929542,3669.1342753080244,3951.372153244343,4132.063570197568
139,2037-07-01,730,2462.9741060024853,2656.8692916197915,2979.186258844549,3301.1898537843886,3692.21524364424,3951.7060661789674,4156.864185949313
140,2037-08-01,730,2480.2784056196497,2656.801108246652,2982.4337614349643,3315.1157034335765,3705.3558135720864,3968.985367284286,4161.22462347463
141,2037-09-01,730,2467.481276524217,2699.2888550356233,3003.5207915240107,3326.2183193360943,3713.034359394653,3997.0230905073745,4193.176376878038
142,2037-10-01,730,2466.344892829945,2685.9999112872347,3015.20701725236,3345.1320553656533,3723.848075427973,4036.760011121316,4204.983107100314
143,2037-11-01,730,2503.6696638217245,2693.021509474813,3025.2127146249068,3361.847817616268,3747.966973303202,4057.0081461306913,4201.7008170063955
144,2037-12-01,730,2530.3009702630816,2712.6041313350806,3031.2168845566566,3367.2844617321766,3764.6216777962645,4090.2927593739782,4258.544461981529
145,2038-01-01,730,2541.9741272780598,2713.68168623724,3038.5883818764464,3376.131022393371,3767.500382925014,4092.622080892525,4300.655369858787
146,2038-02-01,730,2525.7024486270516,2717.6872444958894,3044.7380779440628,3407.0023990938353,3789.967250804254,4126.99550234716,4317.469104577789
147,2038-03-01,730,2558.099239090895,2749.16081666667,3052.608144110534,3417.5491934747583,3814.236360405807,4144.069874605882,4315.296831256509
148,2038-04-01,730,2572.1873440560626,2748.165306831769,3060.699795880907,3431.477794864428,3821.559666062799,4153.891342589985,4353.395558631429
149,2038-05-01,730,2597.117526680534,2777.8679019641368,3079.6773275975083,3453.0153858954277,3848.3299105843407,4165.284373246268,4366.2257940129375
150,2038-06-01,730,2556.8242823526393,2760.65107445613,3088.8431418777564,3462.3564561729663,3853.973693415627,4184.793676258609,4385.493414235841
151,2038-07-01,730,2594.2631899675666,2789.5011585694806,3102.4713614284146,3496.9203372076963,3870.766722069936,4198.233422897923,4411.512473825304
152,2038-08-01,730,2622.473302938645,2813.904839745663,3125.0873627233527,3508.637919223719,3888.5395847825835,4226.243808970491,4412.8299022901565
153,2038-09-01,730,2608.1682430379824,2831.2367807299406,3131.5223425631357,3525.082319614852,3895.153010843018,4258.651236689512,4440.323568176266
154,2038-10-01,730,2626.2512912053817,2837.1994471680696,3142.972340510686,3540.9821789926154,3907.829882739239,4257.157185240792,4437.040957308664
155,2038-11-01,730,2644.1132685998264,2857.4195345199087,3165.1063468677694,3569.9152095688105,3912.1384020768396,4276.973222933254,4446.007695671691
156,2038-12-01,730,2631.1502008315974,2871.465709819194,3171.321169980505,3582.4548701231047,3932.9868469057947,4298.118442641748,4510.750405586535
157,2039-01-01,730,2637.8646973925966,2866.7108371974,3181.1798916441703,3597.1965377827464,3956.378777408818,4312.189829814637,4498.845113719423
158,2039-02-01,730,2628.3296807439665,2889.1212363463837,3201.378201083734,3604.828690671953,3978.511234727845,4323.371795190801,4511.703641793235
159,2039-03-01,730,2640.175082344601,2901.6002137025544,3213.551804808838,3628.915390271807,3979.4184073141364,4337.775872883214,4536.153880165464
160,2039-04-01,730,2639.988829633069,2906.7376902760966,3226.5836581693165,3636.748182560428,3983.998685595899,4356.245449887219,4562.548471178555
161,2039-05-01,730,2666.182890353738,2910.501689621636,3233.96470017068,3652.0377863905132,4017.625207160924,4375.955940093021,4580.999871365636
162,2039-06-01,730,2683.2974367198112,2918.1571049742415,3257.158225948712,3661.728743064531,4023.7279495940065,4386.755494297832,4570.503633820445
163,2039-07-01,730,2671.72705839634,2933.845777905091,3257.7928654286325,3663.6152993237165,4050.9089164198035,4416.525488257278,4592.617077633921
164,2039-08-01,730,2688.2332987113737,2940.177843215534,3275.8880473508225,3666.743863359973,4059.5257049012107,4430.429016771966,4633.3918872104405
165,2039-09-01,730,2681.373543118719,2951.616297546725,3290.5253458793522,3693.1189437070616,4067.909221087171,4447.795205096224,4656.6569194848535
166,2039-10-01,730,2732.423588147892,2960.77354528337,3310.3116127279745,3697.297489817809,4095.7326489066168,4471.759837283031,4673.999160822321
167,2039-11-01,730,2753.674120293069,2990.902658945761,3333.5550932780125,3722.9922815910013,4110.632768514343,4491.526968491788,4702.028056086673
168,2039-12-01,730,2760.7009183551327,3000.247240723244,3341.9348963678194,3727.592481273164,4126.522984285029,4521.386565903092,4715.5536291843755
169,2040-01-01,730,2768.952611467705,2984.5253197276506,3330.730138166162,3741.5267990753323,4123.106625404325,4517.102825683222,4754.328928132984
170,2040-02-01,730,2759.5559614513363,2999.019844447465,3369.5698896347367,3768.1145051155995,4138.201848444369,4550.39728401974,4747.248985544869
171,2040-03-01,730,2760.977399213237,2995.72238576288,3372.9140024417966,3774.4027333439844,4162.9953166026735,4568.984742480262,4767.480257472006
172,2040-04-01,730,2769.7403929788115,3007.3650368499534,3374.2534256287245,3789.4094104688556,4176.639660262172,4587.553049629344,4777.198889799226
173,2040-05-01,730,2774.4103410514203,3013.3947994360874,3391.381726742212,3802.384470767998,4192.566381625842,4584.716596068657,4751.886521926437
174,2040-06-01,730,2805.8090185503806,3022.196429193856,3396.114265590241,3817.054328686311,4205.866901333138,4603.331117068783,4787.605294264442
175,2040-07-01,730,2815.7647455202296,3047.1059877737375,3403.5515969377093,3826.0875096360905,4223.292530906347,4613.595837457324,4817.435959777943
176,2040-08-01,730,2830.0836292718914,3065.44591519068,3404.395297767831,3859.04171588298,4237.540290008958,4638.176169999196,4863.566688522047
177,2040-09-01,730,2848.4413429941587,3062.1271062831083,3427.371989454374,3861.558116435085,4259.460128139409,4674.945473067393,4863.685299440962
178,2040-10-01,730,2849.443499797182,3092.3658544030936,3434.2384645492284,3873.6720203700543,4277.8007637802875,4675.057418234191,4863.648722746911
179,2040-11-01,730,2840.682272117642,3105.2007887502546,3461.694199358062,3873.107311793792,4302.436072330266,4693.661676973815,4893.197221503283
180,2040-12-01,730,2892.952662946795,3121.515206626428,3465.5402528667996,3885.667183747427,4312.908845606386,4700.731983521005,4903.653485042895
181,2041-01-01,730,2878.8412860979383,3139.637066115272,3483.7322947219177,3887.334222558253,4325.774700058428,4712.437592019943,4933.236349307366
182,2041-02-01,730,2898.5448934045576,3147.270271920183,3482.149836165814,3891.434755572769,4339.408234722787,4718.629591142745,4953.702427947267
183,2041-03-01,730,2900.9893666972253,3136.2160919444514,3501.606595026257,3905.0619560916925,4382.044045704679,4763.686650388607,4983.808068081452
184,2041-04-01,730,2932.2920706768546,3171.5207702578723,3535.163254791104,3938.2520956356675,4377.423566122383,4764.383701137379,4990.767197440262
185,2041-05-01,730,2934.077313575681,3181.5558336098416,3556.6921735508586,3962.7388970417355,4397.09429884272,4775.798088268672,5012.438705173478
186,2041-06-01,730,2949.8652061724774,3181.891373323293,3549.192985516511,3974.60135928995,4409.858255148632,4794.874968860251,5027.36276816392
187,2041-07-01,730,2941.684544109176,3180.8651514296685,3572.598951781807,3988.458769026517,4417.667983149608,4812.7057510737795,5030.194488517968
188,2041-08-01,730,2980.824762405431,3196.9613197352724,3570.5686188295763,3995.174806339548,4446.001133693102,4845.491432686941,5040.855544075856
189,2041-09-01,730,2968.4036639511696,3205.207902626507,3596.4390054325877,4021.1179816634913,4448.150751371348,4851.253319552386,5056.488208752507
190,2041-10-01,730,2992.784207459323,3225.017085574639,3599.299211099258,4033.640226316184,4455.22869412923,4875.783825101655,5074.688128098014
191,2041-11-01,730,3027.0129208714548,3233.0875499487056,3634.0617381547827,4063.1568632111976,4463.967595479717,4893.421051835095,5110.264193023383
192,2041-12-01,730,3030.057292896641,3239.866244883561,3642.311131391485,4068.7827325292806,4478.575799147667,4877.780745564174,5145.299989045044
193,2042-01-01,730,3019.04733905515,3248.6292383540017,3651.220610231837,4085.4606354154266,4499.933482321358,4882.288220767857,5138.026478451903
194,2042-02-01,730,3031.160862359197,3276.1580904927555,3661.7317432114905,4092.9872337464058,4515.409685396306,4902.35543497906,5144.729878498277
195,2042-03-01,730,3029.7231112570553,3300.854643725113,3673.2946905153594,4112.588348094173,4534.878649298991,4959.397688770456,5147.959303115685
196,2042-04-01,730,3059.109827235127,3304.6747398116277,3694.0614722471837,4116.032861756813,4557.397966174233,4974.759818270263,5154.533470489091
197,2042-05-01,730,3064.704994314241,3317.206530057442,3689.540533707089,4128.739686909092,4564.646094032453,4986.338949627882,5179.621651517642
198,2042-06-01,730,3079.9572203441367,3346.254960394992,3710.1888700722448,4121.876102811033,4581.237371509596,5005.85215818902,5201.5261104548945
199,2042-07-01,730,3098.178538823218,3359.2888868287387,3731.9954537755484,4154.216908630564,4597.07521947403,5017.431356790632,5235.500091217497
200,2042-08-01,730,3114.7506101675876,3356.219634028095,3741.306425246181,4152.761499901946,4601.805996531993,5021.936083610795,5251.473300397349
201,2042-09-01,730,3147.4434331309753,3366.4483721791426,3766.3517655674,4169.87755561199,4615.18328624997,5048.35447717063,5263.765902601568
202,2042-10-01,730,3151.327244773834,3395.295724716626,3778.383299436451,4189.668429324558,4631.74182622536,5044.936841442949,5297.939407180329
203,2042-11-01,730,3154.763104960207,3434.0581359036933,3788.637327826723,4210.787000117935,4662.457614343205,5073.805803879896,5291.133581677442
204,2042-12-01,730,3158.891062113293,3443.2749243522244,3790.5267866664853,4223.412762999836,4679.479314574685,5090.018922756368,5306.1766542585365
205,2043-01-01,730,3142.6369385748735,3460.0915201463954,3790.2631972195295,4233.65049396073,4690.528278428855,5082.6637158576,5329.520557484365
206,2043-02-01,730,3171.632782624578,3421.1784148419797,3807.9774034622556,4250.448647505079,4696.409290190158,5094.652066680657,5345.265911849304
207,2043-03-01,730,3189.0446136930223,3459.5629078486822,3813.73355305863,4266.944177835395,4718.073169437837,5121.956739028007,5367.493076680674
208,2043-04-01,730,3186.317073450568,3469.708617148984,3822.683645278324,4293.650901632864,4726.131143085666,5148.997983216525,5382.29502867012
209,2043-05-01,730,3196.0695694319325,3472.088194669851,3841.8925405113405,4298.091265866888,4751.228807852101,5165.64319668776,5398.0485213572965
210,2043-06-01,730,3201.3897226127083,3473.219748198597,3860.157502706415,4315.895648962262,4773.006474003668,5177.230170212392,5391.7396475089345
211,2043-07-01,730,3215.7756387962954,3488.313098020298,3872.2052463818072,4334.8479240398665,4780.938107119684,5197.325545738835,5397.524299330483
212,2043-08-01,730,3231.0978475408783,3524.113431188489,3886.7525961251,4351.801504653151,4800.807054489316,5231.050246171789,5387.933913242783
213,2043-09-01,730,3247.1036494286154,3528.008633615146,3891.904097537108,4350.046699975599,4830.001654926935,5228.974709049168,5478.524135723844
214,2043-10-01,730,3267.889507273747,3524.2759424206706,3905.4566772697626,4362.804920727557,4813.667870961246,5252.216560212672,5494.732856394771
215,2043-11-01,730,3284.346298864158,3540.7915640404967,3925.6018931752587,4385.898897004038,4822.379575877203,5258.595692127125,5515.0459234523205
216,2043-12-01,730,3284.4378151706533,3559.9683824816707,3934.112865931585,4393.243186603879,4857.29920011455,5292.115149459188,5530.471582581786
217,2044-01-01,730,3287.302873310443,3567.2216631775445,3939.0758357342206,4418.232665484333,4874.928104116702,5321.119016131502,5531.232741777579
218,2044-02-01,730,3274.179895843337,3558.071577962691,3942.284732626794,4426.658886931651,4877.090371216174,5327.712309196956,5552.728993955504
219,2044-03-01,730,3286.0227409504255,3570.2557945765047,3967.941764231562,4436.902708480315,4902.137753344304,5345.03637262735,5556.10083941155
220,2044-04-01,730,3285.6274271122443,3593.9914746237746,3988.9699939580896,4440.220905064902,4911.946345271121,5389.855391017123,5574.653527427367
221,2044-05-01,730,3319.301609776934,3607.9620075978405,3996.1593588270034,4454.390247454716,4936.681305195038,5403.8465736923645,5605.246896691023
222,2044-06-01,730,3318.338950991162,3599.4603682694137,4008.659340149773,4457.961072779594,4938.609640409931,5421.833757381474,5643.444512064224
223,2044-07-01,730,3335.811974799955,3612.7307381645423,4035.7380566240686,4479.793282829412,4965.894077520784,5423.775349591896,5649.344440924718
224,2044-08-01,730,3346.9543087658926,3621.823033123646,4046.0411380790283,4490.713237980656,4993.521684477336,5440.473278510694,5657.786166241078
225,2044-09-01,730,3369.6232696087854,3653.158475648651,4072.6773082587133,4489.909005443216,5005.790373494497,5467.659621785741,5661.757260755378
226,2044-10-01,730,3365.4181234984926,3669.854889203441,4074.4810355707896,4515.583279986854,5020.393999381598,5487.706126336327,5696.5288657754345
227,2044-11-01,730,3388.916283153094,3699.3951786636953,4098.338525288431,4520.8889367813135,5041.85590114965,5496.462816266551,5713.451066712317
228,2044-12-01,730,3412.272097385078,3713.083970001525,4106.809694030133,4529.086677124,5064.714776437704,5493.611574694414,5719.816461019526
229,2045-01-01,730,3443.530647151311,3712.4659631351374,4127.273909394284,4547.157850103729,5076.382822586056,5509.982705400814,5737.821688739897
230,2045-02-01,730,3461.3881108392225,3712.4235313384406,4136.633374842015,4567.793287964875,5102.862933495078,5520.142545676651,5749.196344386924
231,2045-03-01,730,3477.0602807560595,3720.5426144467842,4146.936430608763,4582.649561881067,5098.997326876244,5557.140397504825,5753.270212590586
232,2045-04-01,730,3479.138479998771,3741.8844473362215,4174.831156044687,4594.068872878047,5121.663346176752,5561.375729692147,5770.049374188588
233,2045-05-01,730,3500.54655482091,3752.21607231646,4184.6114212767125,4616.428215727562,5126.059323952873,5564.116088240663,5805.437665255891
234,2045-06-01,730,3497.6951000433824,3760.103376763601,4198.993072043638,4622.7143217358625,5143.197393169888,5576.186762417079,5824.478971125623
235,2045-07-01,730,3504.018301694929,3788.8449296069193,4210.261168204787,4639.016879903698,5163.901346967747,5594.734372765704,5829.676399883699
236,2045-08-01,730,3524.691217514552,3795.8177408426814,4219.791076288082,4650.12666978798,5186.813828650274,5617.041418435771,5841.874092067121
237,2045-09-01,730,3526.7953731867383,3805.1464797620456,4235.562743304266,4670.861138942405,5212.470572967122,5640.162005197008,5862.12010417497
238,2045-10-01,730,3553.7102672200363,3825.531544897626,4237.43841340263,4692.532740087671,5230.736814259797,5661.49373078068,5885.5834516134555
239,2045-11-01,730,3548.0766313024806,3838.83319722268,4253.62715069254,4702.891120083013,5240.592317671477,5687.217017633105,5902.908229674087
240,2045-12-01,730,3571.680602394447,3874.286616098642,4276.022094839953,4728.465017602908,5257.881345829179,5692.33875095679,5914.128587243718
