hybrid_alpha,residual_decay,hybrid_quantile_shrink,rmse,mae,mape,coverage80,band_width,band_width_pct
1.0,0.7,1.0,112.09231842444153,85.62796174632348,5.611101877980678,88.88888888888889,396.5588198801787,26.235165738620875
1.0,0.7,0.8,112.09231842444153,85.62796174632348,5.611101877980678,88.88888888888889,395.3888956305096,26.15776698955012
1.0,0.7,0.6,112.09231842444153,85.62796174632348,5.611101877980678,88.88888888888889,394.22229649396445,26.080588220188634
1.0,0.7,0.4,112.09231842444153,85.62796174632348,5.611101877980678,88.88888888888889,393.06130889152934,26.003780693427352
1.0,0.7,0.2,112.09231842444153,85.62796174632348,5.611101877980678,88.88888888888889,391.899020163404,25.926887088015395
1.0,0.65,1.0,112.50625111287087,86.01454120881334,5.635545571400862,88.88888888888889,396.4417924461134,26.22742354761477
1.0,0.65,0.8,112.50625111287087,86.01454120881334,5.635545571400862,88.88888888888889,395.4998574742155,26.165107898929378
1.0,0.65,0.2,112.50625111287087,86.01454120881334,5.635545571400862,88.88888888888889,392.66606049790164,25.977632221637272
1.0,0.65,0.6,112.50625111287087,86.01454120881334,5.635545571400862,88.88888888888889,394.5660557368089,26.103330321128244
1.0,0.65,0.4,112.50625111287087,86.01454120881334,5.635545571400862,88.88888888888889,393.6192360822543,26.040691516198045
0.9,0.7,0.2,112.53002401851346,86.14687549137331,5.6458873006549695,88.88888888888889,392.2541613889337,25.950382187469252
0.9,0.7,0.4,112.53002401851346,86.14687549137331,5.6458873006549695,88.88888888888889,393.27229481175544,26.017738901663197
0.9,0.7,0.6,112.53002401851346,86.14687549137331,5.6458873006549695,88.88888888888889,394.298452004468,26.085626444885225
0.9,0.7,0.8,112.53002401851346,86.14687549137331,5.6458873006549695,88.88888888888889,395.3388602071638,26.154456793033305
0.9,0.7,1.0,112.53002401851346,86.14687549137331,5.6458873006549695,88.88888888888889,396.38527977022926,26.223684835111534
0.9,0.65,1.0,112.8350427844121,86.41082287860566,5.663308122496543,88.88888888888889,396.26152830384194,26.21549780189399
0.9,0.65,0.8,112.8350427844121,86.41082287860566,5.663308122496543,88.88888888888889,395.4152755177874,26.159512205342082
0.9,0.65,0.2,112.8350427844121,86.41082287860566,5.663308122496543,88.88888888888889,392.89297442930086,25.99264418026792
0.9,0.65,0.4,112.8350427844121,86.41082287860566,5.663308122496543,88.88888888888889,393.73336779447686,26.048242134759743
0.9,0.65,0.6,112.8350427844121,86.41082287860566,5.663308122496543,88.88888888888889,394.56898134851775,26.10352387099833
1.0,0.75,0.2,112.86269152946915,86.4342525381931,5.667510054266064,88.88888888888889,391.88677056286065,25.926076690454238
1.0,0.75,0.4,112.86269152946915,86.4342525381931,5.667510054266064,88.88888888888889,393.2976028221799,26.019413205233597
1.0,0.75,0.6,112.86269152946915,86.4342525381931,5.667510054266064,88.88888888888889,394.746656608469,26.11527834387547
1.0,0.75,0.8,112.86269152946915,86.4342525381931,5.667510054266064,88.88888888888889,396.17444171421965,26.20973640913757
1.0,0.75,1.0,112.86269152946915,86.4342525381931,5.667510054266064,88.88888888888889,397.60024086017245,26.30406308913767
0.8,0.7,0.2,112.89808321140653,86.5638822844667,5.6745885232400095,88.88888888888889,392.49080960561736,25.96603813779793
0.8,0.7,0.4,112.89808321140653,86.5638822844667,5.6745885232400095,88.88888888888889,393.42666285686914,26.027951437724123
0.8,0.7,0.6,112.89808321140653,86.5638822844667,5.6745885232400095,88.88888888888889,394.37164236596317,26.09046850404022
0.8,0.7,0.8,112.89808321140653,86.5638822844667,5.6745885232400095,88.88888888888889,395.3144392472966,26.152841174120063
0.8,0.7,1.0,112.89808321140653,86.5638822844667,5.6745885232400095,88.88888888888889,396.2558768801852,26.215123920318646
0.9,0.75,0.2,113.10685514506856,86.81674130012412,5.694162808633675,88.88888888888889,392.18377030710997,25.945725320428124
0.9,0.75,0.6,113.10685514506856,86.81674130012412,5.694162808633675,88.88888888888889,394.73183923389684,26.114298069933184
0.9,0.75,0.8,113.10685514506856,86.81674130012412,5.694162808633675,88.88888888888889,396.02193168026605,26.1996467936329
0.9,0.75,1.0,113.10685514506856,86.81674130012412,5.694162808633675,88.88888888888889,397.31171090172325,26.28497479529324
0.9,0.75,0.4,113.10685514506856,86.81674130012412,5.694162808633675,88.88888888888889,393.4506249435483,26.02953669893622
0.8,0.65,0.2,113.24828124992749,86.81912847140254,5.6915761587669,88.88888888888889,393.061129572956,26.003768830237696
0.8,0.65,0.4,113.24828124992749,86.81912847140254,5.6915761587669,88.88888888888889,393.8279314386177,26.05449818746242
0.8,0.65,0.8,113.24828124992749,86.81912847140254,5.6915761587669,88.88888888888889,395.34350555043227,26.154764115287787
0.8,0.65,1.0,113.24828124992749,86.81912847140254,5.6915761587669,88.88888888888889,396.10120207552717,26.204891089948063
0.8,0.65,0.6,113.24828124992749,86.81912847140254,5.6915761587669,88.88888888888889,394.5877682953883,26.104766760174314
0.8,0.75,0.4,113.27578184499578,87.10395704699282,5.713920494700687,88.88888888888889,393.4104605125036,26.026879538251773
0.8,0.75,0.6,113.27578184499578,87.10395704699282,5.713920494700687,88.88888888888889,394.54923066177275,26.102217223625402
0.8,0.75,0.8,113.27578184499578,87.10395704699282,5.713920494700687,88.88888888888889,395.6913426491544,26.177775995184383
0.8,0.75,1.0,113.27578184499578,87.10395704699282,5.713920494700687,88.88888888888889,396.840205902127,26.253781410627802
0.8,0.75,0.2,113.27578184499578,87.10395704699282,5.713920494700687,88.88888888888889,392.27099510096554,25.951495856370332
0.7,0.7,0.4,113.34479508432241,87.08911364348688,5.710639840690815,88.88888888888889,393.6972279407452,26.04585122827907
0.7,0.7,1.0,113.34479508432241,87.08911364348688,5.710639840690815,88.88888888888889,396.11102780692676,26.205541131452243
0.7,0.7,0.8,113.34479508432241,87.08911364348688,5.710639840690815,88.88888888888889,395.3047588753169,26.152200749167775
0.7,0.7,0.6,113.34479508432241,87.08911364348688,5.710639840690815,88.88888888888889,394.49930517011285,26.098914299865754
0.7,0.7,0.2,113.34479508432241,87.08911364348688,5.710639840690815,88.88888888888889,392.8976791873817,25.992955433231725
1.0,0.6,0.2,113.50830220019314,86.83025419137961,5.690932271428828,88.88888888888889,393.3162594257696,26.020647471281304
1.0,0.6,0.4,113.50830220019314,86.83025419137961,5.690932271428828,88.88888888888889,394.11002383723957,26.073160591273503
1.0,0.6,0.6,113.50830220019314,86.83025419137961,5.690932271428828,88.88888888888889,394.90153288511596,26.125524503040566
1.0,0.6,1.0,113.50830220019314,86.83025419137961,5.690932271428828,88.88888888888889,396.5010114553845,26.23134130317893
1.0,0.6,0.8,113.50830220019314,86.83025419137961,5.690932271428828,88.88888888888889,395.70189183977806,26.178473898624034
0.7,0.65,0.4,113.65782995894726,87.22748139177492,5.719924081559381,88.88888888888889,393.7940495472336,26.052256661132816
0.7,0.65,1.0,113.65782995894726,87.22748139177492,5.719924081559381,88.88888888888889,395.82805299338816,26.18682034966435
0.7,0.65,0.2,113.65782995894726,87.22748139177492,5.719924081559381,88.88888888888889,393.11895795905735,26.007594586261035
0.7,0.65,0.8,113.65782995894726,87.22748139177492,5.719924081559381,88.88888888888889,395.1514092969903,26.142055591875447
0.7,0.65,0.6,113.65782995894726,87.22748139177492,5.719924081559381,88.88888888888889,394.471994594299,26.097107512456237
0.6,0.7,1.0,113.73177610679217,87.49686744895631,5.739269828713968,88.88888888888889,395.96202119902205,26.19568329231577
0.6,0.7,0.8,113.73177610679217,87.49686744895631,5.739269828713968,88.88888888888889,395.2638236484802,26.14949259489968
0.6,0.7,0.6,113.73177610679217,87.49686744895631,5.739269828713968,88.88888888888889,394.56847061109227,26.1034900821117
0.6,0.7,0.4,113.73177610679217,87.49686744895631,5.739269828713968,88.88888888888889,393.8730654170801,26.057484118794783
0.6,0.7,0.2,113.73177610679217,87.49686744895631,5.739269828713968,88.88888888888889,393.1819348180545,26.01176095011593
0.7,0.75,0.4,113.73565638958843,87.63690073148162,5.749500215447974,88.88888888888889,393.64053232253553,26.042100412849383
0.7,0.75,0.2,113.73565638958843,87.63690073148162,5.749500215447974,88.88888888888889,392.64811128552475,25.976444754512652
0.7,0.75,1.0,113.73565638958843,87.63690073148162,5.749500215447974,88.88888888888889,396.6185878461995,26.2391198115498
0.7,0.75,0.8,113.73565638958843,87.63690073148162,5.749500215447974,88.88888888888889,395.6188580340986,26.172980626139093
0.7,0.75,0.6,113.73565638958843,87.63690073148162,5.749500215447974,88.88888888888889,394.63104191113035,26.1076296153781
0.9,0.6,0.2,113.83361341516452,87.18489535932189,5.7157384829054045,88.88888888888889,393.36301602658585,26.023740750538487
0.9,0.6,0.4,113.83361341516452,87.18489535932189,5.7157384829054045,88.88888888888889,394.07777590051165,26.071027162580528
0.9,0.6,0.6,113.83361341516452,87.18489535932189,5.7157384829054045,88.88888888888889,394.79188684127126,26.118270643111995
0.9,0.6,0.8,113.83361341516452,87.18489535932189,5.7157384829054045,88.88888888888889,395.5145826393005,26.166082072563068
0.9,0.6,1.0,113.83361341516452,87.18489535932189,5.7157384829054045,88.88888888888889,396.2426233663247,26.214247106803683
0.6,0.75,0.6,114.06198321680066,87.9613826472935,5.771656533489229,88.88888888888889,394.73659857020056,26.11461293363177
0.6,0.75,0.8,114.06198321680066,87.9613826472935,5.771656533489229,88.88888888888889,395.5900216483317,26.171072895628576
0.6,0.75,0.2,114.06198321680066,87.9613826472935,5.771656533489229,88.88888888888889,393.04159131134577,26.002476236287208
0.6,0.75,1.0,114.06198321680066,87.9613826472935,5.771656533489229,88.88888888888889,396.4439171246383,26.227564110099944
0.6,0.75,0.4,114.06198321680066,87.9613826472935,5.771656533489229,88.88888888888889,393.88735649849656,26.058429574729058
0.6,0.65,1.0,114.09967524802808,87.69141091869508,5.75187729089115,88.88888888888889,395.5454187965466,26.16812210207581
0.6,0.65,0.2,114.09967524802808,87.69141091869508,5.75187729089115,88.88888888888889,393.2556784486479,26.016639611927992
0.6,0.65,0.4,114.09967524802808,87.69141091869508,5.75187729089115,88.88888888888889,393.8240203846085,26.054239443626702
0.6,0.65,0.6,114.09967524802808,87.69141091869508,5.75187729089115,88.88888888888889,394.3928673931364,26.09187268944168
0.6,0.65,0.8,114.09967524802808,87.69141091869508,5.75187729089115,88.88888888888889,394.968659114129,26.129965377017587
0.8,0.6,0.2,114.1599539466033,87.56077535795065,5.741851047140471,88.88888888888889,393.5264051196684,26.03455009261339
0.8,0.6,0.4,114.1599539466033,87.56077535795065,5.741851047140471,88.88888888888889,394.15682823465187,26.076257032612972
0.8,0.6,0.6,114.1599539466033,87.56077535795065,5.741851047140471,88.88888888888889,394.79062758689145,26.118187334544125
0.8,0.6,0.8,114.1599539466033,87.56077535795065,5.741851047140471,88.88888888888889,395.4199417068365,26.159820906692133
0.8,0.6,1.0,114.1599539466033,87.56077535795065,5.741851047140471,88.88888888888889,396.03731037147395,26.20066420263368
0.7,0.6,0.2,114.46503113231661,87.82186396919205,5.760551288660041,88.88888888888889,393.6427171337423,26.04224495353602
0.7,0.6,0.6,114.46503113231661,87.82186396919205,5.760551288660041,88.88888888888889,394.7319207081393,26.114303460029554
0.7,0.6,0.4,114.46503113231661,87.82186396919205,5.760551288660041,88.88888888888889,394.18542170350185,26.078148692454374
0.7,0.6,0.8,114.46503113231661,87.82186396919205,5.760551288660041,88.88888888888889,395.28361432095215,26.150801887610758
0.7,0.6,1.0,114.46503113231661,87.82186396919205,5.760551288660041,88.88888888888889,395.834088672727,26.18721965246601
0.6,0.6,0.8,114.74276397166055,88.05321399072746,5.77705555943481,88.88888888888889,395.1356105609707,26.141010393944757
0.6,0.6,1.0,114.74276397166055,88.05321399072746,5.77705555943481,88.88888888888889,395.6249216088645,26.173381774420196
0.6,0.6,0.6,114.74276397166055,88.05321399072746,5.77705555943481,88.88888888888889,394.6496611301984,26.10886140817576
0.6,0.6,0.4,114.74276397166055,88.05321399072746,5.77705555943481,88.88888888888889,394.17047028386173,26.077159550484453
0.6,0.6,0.2,114.74276397166055,88.05321399072746,5.77705555943481,88.88888888888889,393.6975392331786,26.04587182247134
1.0,0.55,0.6,114.86570974991986,87.9305689895697,5.766097327245805,88.88888888888889,395.4290144580045,26.160421133237772
1.0,0.55,0.4,114.86570974991986,87.9305689895697,5.766097327245805,88.88888888888889,394.7709925763977,26.116888339971922
1.0,0.55,0.2,114.86570974991986,87.9305689895697,5.766097327245805,88.88888888888889,394.11824871265924,26.073704724852178
1.0,0.55,1.0,114.86570974991986,87.9305689895697,5.766097327245805,88.88888888888889,396.7557200943992,26.248192077955867
1.0,0.55,0.8,114.86570974991986,87.9305689895697,5.766097327245805,88.88888888888889,396.0872121624905,26.203965558428433
0.9,0.55,0.4,114.98664982728496,88.05407817236839,5.775409655251867,88.88888888888889,394.7392832764672,26.114790545905997
0.9,0.55,0.2,114.98664982728496,88.05407817236839,5.775409655251867,88.88888888888889,394.14016753947567,26.07515480999843
0.9,0.55,1.0,114.98664982728496,88.05407817236839,5.775409655251867,88.88888888888889,396.5300863983651,26.2332648159334
0.9,0.55,0.6,114.98664982728496,88.05407817236839,5.775409655251867,88.88888888888889,395.33525826124406,26.154218498880084
0.9,0.55,0.8,114.98664982728496,88.05407817236839,5.775409655251867,88.88888888888889,395.93162526732164,26.193672386830976
0.8,0.55,0.4,115.15618657258368,88.21627968668969,5.78710700964222,88.88888888888889,394.70697788875594,26.112653316424854
0.8,0.55,0.6,115.15618657258368,88.21627968668969,5.78710700964222,88.88888888888889,395.23735809418935,26.147741711629973
0.8,0.55,0.8,115.15618657258368,88.21627968668969,5.78710700964222,88.88888888888889,395.7646969963988,26.182628903154466
0.8,0.55,1.0,115.15618657258368,88.21627968668969,5.78710700964222,88.88888888888889,396.29436151871266,26.217669950868324
0.8,0.55,0.2,115.15618657258368,88.21627968668969,5.78710700964222,88.88888888888889,394.1718967885807,26.07725392384309
0.9,0.8,0.2,115.26735651798656,89.1043741961135,5.853485857080183,88.88888888888889,393.33843983355047,26.022114861855183
0.9,0.8,0.4,115.26735651798656,89.1043741961135,5.853485857080183,88.88888888888889,394.97841975454986,26.130611112293966
0.9,0.8,1.0,115.26735651798656,89.1043741961135,5.853485857080183,88.88888888888889,399.9106430195546,26.45691250399263
0.9,0.8,0.8,115.26735651798656,89.1043741961135,5.853485857080183,88.88888888888889,398.2707337709355,26.34842092903077
0.9,0.8,0.6,115.26735651798656,89.1043741961135,5.853485857080183,88.88888888888889,396.61671024978205,26.238995595290493
0.8,0.8,0.4,115.26982104036284,89.23850650886486,5.861744423600891,88.88888888888889,394.57724947788336,26.104070866130908
0.8,0.8,0.6,115.26982104036284,89.23850650886486,5.861744423600891,88.88888888888889,396.03338724635336,26.200404660208715
0.8,0.8,0.8,115.26982104036284,89.23850650886486,5.861744423600891,88.88888888888889,397.5093365566137,26.298049127650348
0.8,0.8,1.0,115.26982104036284,89.23850650886486,5.861744423600891,88.88888888888889,398.9916416855138,26.396114077368658
0.8,0.8,0.2,115.26982104036284,89.23850650886486,5.861744423600891,88.88888888888889,393.1334213184243,26.008551439598058
0.7,0.55,0.2,115.33327279603154,88.39697631536764,5.800008654941034,88.88888888888889,394.1767941782191,26.077577920744453
0.7,0.55,0.4,115.33327279603154,88.39697631536764,5.800008654941034,88.88888888888889,394.65230956518803,26.10903662084893
0.7,0.55,0.6,115.33327279603154,88.39697631536764,5.800008654941034,88.88888888888889,395.12674731205027,26.140424027451935
0.7,0.55,0.8,115.33327279603154,88.39697631536764,5.800008654941034,88.88888888888889,395.5949077124724,26.17139614326831
0.7,0.55,1.0,115.33327279603154,88.39697631536764,5.800008654941034,88.88888888888889,396.0626616048738,26.20234136570907
0.7,0.8,0.2,115.37334818565577,89.34527607568128,5.868880210964532,88.88888888888889,393.33863233755017,26.02212759735389
0.7,0.8,0.4,115.37334818565577,89.34527607568128,5.868880210964532,88.88888888888889,394.6062101674367,26.105986820214504
0.7,0.8,0.6,115.37334818565577,89.34527607568128,5.868880210964532,88.88888888888889,395.8732440636291,26.189810058020946
0.7,0.8,1.0,115.37334818565577,89.34527607568128,5.868880210964532,88.88888888888889,398.43773191301744,26.359469035177757
0.7,0.8,0.8,115.37334818565577,89.34527607568128,5.868880210964532,88.88888888888889,397.14579726235326,26.273998436657507
1.0,0.8,0.4,115.3834910604925,89.034807862273,5.848873468733763,86.11111111111111,395.39690200494334,26.1582966677459
1.0,0.8,0.2,115.3834910604925,89.034807862273,5.848873468733763,86.11111111111111,393.5672772195808,26.037254070589743
1.0,0.8,0.6,115.3834910604925,89.034807862273,5.848873468733763,88.88888888888889,397.2263181645273,26.279325462833846
1.0,0.8,0.8,115.3834910604925,89.034807862273,5.848873468733763,88.88888888888889,399.04685636199747,26.39976691804735
1.0,0.8,1.0,115.3834910604925,89.034807862273,5.848873468733763,88.88888888888889,400.87390328486043,26.520638971398807
0.6,0.55,0.8,115.52037273632801,88.5841823213941,5.813282885031246,88.88888888888889,395.4405805758664,26.161186313593994
0.6,0.55,0.2,115.52037273632801,88.5841823213941,5.813282885031246,88.88888888888889,394.2054465186659,26.079473475357634
0.6,0.55,0.4,115.52037273632801,88.5841823213941,5.813282885031246,88.88888888888889,394.6171386510469,26.10670981656312
0.6,0.55,0.6,115.52037273632801,88.5841823213941,5.813282885031246,88.88888888888889,395.0267218571163,26.133806637403552
0.6,0.55,1.0,115.52037273632801,88.5841823213941,5.813282885031246,88.88888888888889,395.85872730336894,26.18884967183781
0.6,0.8,0.2,115.54680645942622,89.51777452321433,5.879882149956232,88.88888888888889,393.5471727630789,26.0359240188497
0.6,0.8,0.4,115.54680645942622,89.51777452321433,5.879882149956232,88.88888888888889,394.6258175673122,26.107283988149373
0.6,0.8,0.6,115.54680645942622,89.51777452321433,5.879882149956232,88.88888888888889,395.6927342432827,26.17786805896096
0.6,0.8,0.8,115.54680645942622,89.51777452321433,5.879882149956232,88.88888888888889,396.7551009809615,26.248151119230872
0.6,0.8,1.0,115.54680645942622,89.51777452321433,5.879882149956232,88.88888888888889,397.8197774013936,26.31858698132184
1.0,0.5,0.8,116.10943003858748,88.88371538626491,5.830852987754893,94.44444444444444,396.642172983906,26.240680134926002
1.0,0.5,1.0,116.10943003858748,88.88371538626491,5.830852987754893,94.44444444444444,397.22091665221575,26.27896811465842
1.0,0.5,0.2,116.10943003858748,88.88371538626491,5.830852987754893,94.44444444444444,394.9197677801324,26.12673087008878
1.0,0.5,0.6,116.10943003858748,88.88371538626491,5.830852987754893,94.44444444444444,396.0638478704464,26.202419845552022
1.0,0.5,0.4,116.10943003858748,88.88371538626491,5.830852987754893,94.44444444444444,395.49083923479014,26.164511278720386
0.9,0.5,0.8,116.14227636322592,88.97410888752503,5.837571193902043,94.44444444444444,396.46383266554676,26.228881663739696
0.9,0.5,0.6,116.14227636322592,88.97410888752503,5.837571193902043,94.44444444444444,395.937820230184,26.19408222736229
0.9,0.5,0.4,116.14227636322592,88.97410888752503,5.837571193902043,94.44444444444444,395.41407587708335,26.159432840639752
0.9,0.5,0.2,116.14227636322592,88.97410888752503,5.837571193902043,94.44444444444444,394.8934342519495,26.124988721278243
0.9,0.5,1.0,116.14227636322592,88.97410888752503,5.837571193902043,94.44444444444444,396.9872314096166,26.263508185984758
0.8,0.5,0.2,116.20447894342868,89.08354267132316,5.8455081363590615,94.44444444444444,394.884427347698,26.124392850971034
0.8,0.5,0.4,116.20447894342868,89.08354267132316,5.8455081363590615,94.44444444444444,395.3458888626379,26.15492178821696
0.8,0.5,0.6,116.20447894342868,89.08354267132316,5.8455081363590615,94.44444444444444,395.80868216830373,26.185538832822193
0.8,0.5,0.8,116.20447894342868,89.08354267132316,5.8455081363590615,94.44444444444444,396.27126135278763,26.216141711799484
0.8,0.5,1.0,116.20447894342868,89.08354267132316,5.8455081363590615,94.44444444444444,396.7354518567575,26.246851190937086
0.7,0.5,1.0,116.28397370328771,89.19970844028666,5.8539219097775055,94.44444444444444,396.50807610829906,26.23180867984743
0.7,0.5,0.8,116.28397370328771,89.19970844028666,5.8539219097775055,94.44444444444444,396.09782465421466,26.204667649682804
0.7,0.5,0.6,116.28397370328771,89.19970844028666,5.8539219097775055,94.44444444444444,395.6877757196948,26.17754001761722
0.7,0.5,0.4,116.28397370328771,89.19970844028666,5.8539219097775055,94.44444444444444,395.2754639351916,26.150262682048954
0.7,0.5,0.2,116.28397370328771,89.19970844028666,5.8539219097775055,94.44444444444444,394.86305614099797,26.12297899476181
0.6,0.5,0.2,116.37526566731137,89.31788346480698,5.862513667131955,94.44444444444444,394.8248653103238,26.12045240167598
0.6,0.5,0.4,116.37526566731137,89.31788346480698,5.862513667131955,94.44444444444444,395.18256244673,26.144116592679683
0.6,0.5,0.8,116.37526566731137,89.31788346480698,5.862513667131955,94.44444444444444,395.895026553834,26.19125112353778
0.6,0.5,1.0,116.37526566731137,89.31788346480698,5.862513667131955,94.44444444444444,396.24753103020817,26.214571783418894
0.6,0.5,0.6,116.37526566731137,89.31788346480698,5.862513667131955,94.44444444444444,395.53948008531347,26.167729214398967
0.6,0.85,0.2,118.89282862458506,92.9370995204792,6.1168435000872705,88.88888888888889,395.331426904642,26.15396502759053
0.6,0.85,0.4,118.89282862458506,92.9370995204792,6.1168435000872705,88.88888888888889,396.7549871897208,26.248143591136902
0.6,0.85,0.6,118.89282862458506,92.9370995204792,6.1168435000872705,88.88888888888889,398.1824155519156,26.342578055294087
0.6,0.85,0.8,118.89282862458506,92.9370995204792,6.1168435000872705,88.88888888888889,399.6088788146761,26.436948671309846
0.6,0.85,1.0,118.89282862458506,92.9370995204792,6.1168435000872705,88.88888888888889,401.02484887305803,26.53062508777134
0.7,0.85,0.6,119.31363185021915,93.33868500055597,6.145633308456509,88.88888888888889,399.124390770007,26.40489636654932
0.7,0.85,0.8,119.31363185021915,93.33868500055597,6.145633308456509,88.88888888888889,400.8271491002875,26.51754585199318
0.7,0.85,0.2,119.31363185021915,93.33868500055597,6.145633308456509,88.88888888888889,395.7787968090025,26.183561705306367
0.7,0.85,0.4,119.31363185021915,93.33868500055597,6.145633308456509,88.88888888888889,397.44695382904985,26.293922069784482
0.7,0.85,1.0,119.31363185021915,93.33868500055597,6.145633308456509,88.88888888888889,402.5176010406601,26.62938118285847
0.8,0.85,0.4,119.96784620184077,94.06707129237135,6.1939993101893975,88.88888888888889,398.43863547268467,26.359528812029097
0.8,0.85,0.2,119.96784620184077,94.06707129237135,6.1939993101893975,86.11111111111111,396.519338073012,26.232553738325453
0.8,0.85,0.8,119.96784620184077,94.06707129237135,6.1939993101893975,88.88888888888889,402.199065827037,26.608307829539747
0.8,0.85,0.6,119.96784620184077,94.06707129237135,6.1939993101893975,88.88888888888889,400.3350563573757,26.484990442752842
0.8,0.85,1.0,119.96784620184077,94.06707129237135,6.1939993101893975,88.88888888888889,404.0524788007092,26.730924183303088
0.9,0.85,0.8,120.75802754848837,94.66940205768965,6.235356711814964,86.11111111111111,403.50990418150604,26.69502904153152
0.9,0.85,1.0,120.75802754848837,94.66940205768965,6.235356711814964,88.88888888888889,405.6944392587117,26.839551460247712
0.9,0.85,0.6,120.75802754848837,94.66940205768965,6.235356711814964,86.11111111111111,401.30725070240743,26.54930796260971
0.9,0.85,0.4,120.75802754848837,94.66940205768965,6.235356711814964,86.11111111111111,399.1234060424688,26.404831219870246
0.9,0.85,0.2,120.75802754848837,94.66940205768965,6.235356711814964,86.11111111111111,396.94157793332874,26.26048788620346
1.0,0.85,1.0,121.34152715213878,95.14257788625976,6.268278940988598,86.11111111111111,406.956925308688,26.923073825918042
1.0,0.85,0.8,121.34152715213878,95.14257788625976,6.268278940988598,86.11111111111111,404.5845687121095,26.76612568762886
1.0,0.85,0.6,121.34152715213878,95.14257788625976,6.268278940988598,86.11111111111111,402.20028536881085,26.608388510838353
1.0,0.85,0.4,121.34152715213878,95.14257788625976,6.268278940988598,86.11111111111111,399.8108716214546,26.450311921597518
1.0,0.85,0.2,121.34152715213878,95.14257788625976,6.268278940988598,86.11111111111111,397.42304558497835,26.292340370641025
0.6,0.9,0.6,126.77860541092862,101.24205417518115,6.677571574034541,88.88888888888889,404.3591348372656,26.75121164518891
0.6,0.9,0.8,126.77860541092862,101.24205417518115,6.677571574034541,88.88888888888889,406.3955746186094,26.885936514494347
0.6,0.9,1.0,126.77860541092862,101.24205417518115,6.677571574034541,88.88888888888889,408.41885474527174,27.019790779732183
0.6,0.9,0.2,126.77860541092862,101.24205417518115,6.677571574034541,88.88888888888889,400.3562397005995,26.486391870466747
0.6,0.9,0.4,126.77860541092862,101.24205417518115,6.677571574034541,88.88888888888889,402.34435130772704,26.617919489838894
0.7,0.9,0.4,128.37446763053362,102.8143074080802,6.785553981040861,88.88888888888889,403.82618207205485,26.715953056991616
0.7,0.9,0.6,128.37446763053362,102.8143074080802,6.785553981040861,88.88888888888889,406.1573600716666,26.87017694036034
0.7,0.9,0.2,128.37446763053362,102.8143074080802,6.785553981040861,86.11111111111111,401.4863708879319,26.561158027515052
0.7,0.9,1.0,128.37446763053362,102.8143074080802,6.785553981040861,88.88888888888889,410.8420117113307,27.180099721125693
0.7,0.9,0.8,128.37446763053362,102.8143074080802,6.785553981040861,88.88888888888889,408.50176016148265,27.025275558347317
0.8,0.9,1.0,129.963800392187,104.5005237475447,6.901303434537037,86.11111111111111,413.0983236523448,27.329370686145253
0.8,0.9,0.8,129.963800392187,104.5005237475447,6.901303434537037,86.11111111111111,410.39785577976653,27.15071567040177
0.8,0.9,0.6,129.963800392187,104.5005237475447,6.901303434537037,86.11111111111111,407.7089110127974,26.972822989450307
0.8,0.9,0.4,129.963800392187,104.5005237475447,6.901303434537037,86.11111111111111,405.0276438721919,26.795438237688746
0.8,0.9,0.2,129.963800392187,104.5005237475447,6.901303434537037,86.11111111111111,402.37804098324744,26.620148299732026
0.9,0.9,0.2,131.55569991131063,105.93337905108648,7.000377581315485,80.55555555555556,403.2322344368097,26.676659227502647
0.9,0.9,0.4,131.55569991131063,105.93337905108648,7.000377581315485,80.55555555555556,406.2862766630232,26.878705683061664
0.9,0.9,0.6,131.55569991131063,105.93337905108648,7.000377581315485,83.33333333333334,409.3238809561223,27.07966465328929
0.9,0.9,0.8,131.55569991131063,105.93337905108648,7.000377581315485,83.33333333333334,412.3786472419366,27.28175901050294
0.9,0.9,1.0,131.55569991131063,105.93337905108648,7.000377581315485,83.33333333333334,415.46853130531287,27.48617665664253
1.0,0.9,0.4,133.09968862399435,107.29919432270935,7.095024965369985,80.55555555555556,407.81923657651623,26.98012180441613
1.0,0.9,0.2,133.09968862399435,107.29919432270935,7.095024965369985,80.55555555555556,404.40545175588534,26.75427583636453
1.0,0.9,0.6,133.09968862399435,107.29919432270935,7.095024965369985,80.55555555555556,411.2343773638998,27.206057479241885
1.0,0.9,0.8,133.09968862399435,107.29919432270935,7.095024965369985,80.55555555555556,414.6483326049504,27.43191472180746
1.0,0.9,1.0,133.09968862399435,107.29919432270935,7.095024965369985,80.55555555555556,418.1345110660553,27.66255004029346
0.6,1.0,0.4,179.20848610780726,143.2799741667709,9.48689578201436,80.55555555555556,441.6050570031161,29.215292361901025
0.6,1.0,0.2,179.20848610780726,143.2799741667709,9.48689578201436,80.55555555555556,435.9239687374609,28.83944826323684
0.6,1.0,0.8,179.20848610780726,143.2799741667709,9.48689578201436,80.55555555555556,452.9571186523245,29.96631138836477
0.6,1.0,1.0,179.20848610780726,143.2799741667709,9.48689578201436,80.55555555555556,458.6164878088259,30.34071861461614
0.6,1.0,0.6,179.20848610780726,143.2799741667709,9.48689578201436,80.55555555555556,447.2923866792832,29.591549373936477
0.7,1.0,1.0,192.67058901835884,153.3842035114289,10.159118268544416,77.77777777777779,473.5715178861498,31.33009944044975
0.7,1.0,0.6,192.67058901835884,153.3842035114289,10.159118268544416,77.77777777777779,459.9858920614657,30.43131437426166
0.7,1.0,0.4,192.67058901835884,153.3842035114289,10.159118268544416,75.0,453.3198140371297,29.99030624878894
0.7,1.0,0.2,192.67058901835884,153.3842035114289,10.159118268544416,72.22222222222221,446.70834759520363,29.552911065063935
0.7,1.0,0.8,192.67058901835884,153.3842035114289,10.159118268544416,77.77777777777779,466.7031350323315,30.875707422184533
0.8,1.0,0.8,205.55181671836093,163.29428043370697,10.81420323463737,66.66666666666666,482.562199611288,31.924896513008772
0.8,1.0,0.2,205.55181671836093,163.29428043370697,10.81420323463737,66.66666666666666,459.28625247831434,30.385028276207354
0.8,1.0,0.4,205.55181671836093,163.29428043370697,10.81420323463737,66.66666666666666,467.0393610748702,30.897951148737658
0.8,1.0,0.6,205.55181671836093,163.29428043370697,10.81420323463737,66.66666666666666,474.73322029431165,31.40695425665656
0.8,1.0,1.0,205.55181671836093,163.29428043370697,10.81420323463737,69.44444444444444,490.3569273251173,32.44057278398799
0.9,1.0,1.0,218.9251319609034,173.30431777411437,11.472898630164748,66.66666666666666,508.7674520655926,33.65855897843776
0.9,1.0,0.8,218.9251319609034,173.30431777411437,11.472898630164748,66.66666666666666,499.78168234452255,33.064086869627815
0.9,1.0,0.6,218.9251319609034,173.30431777411437,11.472898630164748,66.66666666666666,490.74091077558427,32.465976000254706
0.9,1.0,0.4,218.9251319609034,173.30431777411437,11.472898630164748,66.66666666666666,481.7856393962135,31.873521572074022
0.9,1.0,0.2,218.9251319609034,173.30431777411437,11.472898630164748,66.66666666666666,473.01660892653814,31.29338829497666
1.0,1.0,0.8,233.68735700563576,184.10348194427831,12.181731111515866,63.888888888888886,516.7466764658067,34.18644100781367
1.0,1.0,0.2,233.68735700563576,184.10348194427831,12.181731111515866,63.888888888888886,486.8904000073913,32.21123752737845
1.0,1.0,0.4,233.68735700563576,184.10348194427831,12.181731111515866,63.888888888888886,496.83242513165754,32.86897268250996
1.0,1.0,0.6,233.68735700563576,184.10348194427831,12.181731111515866,63.888888888888886,506.749325655157,33.52504566791484
1.0,1.0,1.0,233.68735700563576,184.10348194427831,12.181731111515866,63.888888888888886,526.4800349437679,34.830371391053866
